-- phpMyAdmin SQL Dump
-- version 5.1.1
-- https://www.phpmyadmin.net/
--
-- Máy chủ: localhost
-- Thời gian đã tạo: Th4 12, 2025 lúc 04:51 PM
-- Phiên bản máy phục vụ: 10.6.5-MariaDB
-- Phiên bản PHP: 7.4.27

SET SQL_MODE = "NO_AUTO_VALUE_ON_ZERO";
START TRANSACTION;
SET time_zone = "+00:00";


/*!40101 SET @OLD_CHARACTER_SET_CLIENT=@@CHARACTER_SET_CLIENT */;
/*!40101 SET @OLD_CHARACTER_SET_RESULTS=@@CHARACTER_SET_RESULTS */;
/*!40101 SET @OLD_COLLATION_CONNECTION=@@COLLATION_CONNECTION */;
/*!40101 SET NAMES utf8mb4 */;

--
-- Cơ sở dữ liệu: `meta_testorr`
--

-- --------------------------------------------------------

--
-- Cấu trúc bảng cho bảng `fb_account_types`
--

CREATE TABLE `fb_account_types` (
  `id` int(11) NOT NULL,
  `name` varchar(255) COLLATE utf8mb4_unicode_ci NOT NULL,
  `created_at` timestamp NOT NULL DEFAULT current_timestamp()
) ENGINE=InnoDB DEFAULT CHARSET=utf8mb4 COLLATE=utf8mb4_unicode_ci;

--
-- Đang đổ dữ liệu cho bảng `fb_account_types`
--

INSERT INTO `fb_account_types` (`id`, `name`, `created_at`) VALUES
(1, '+7 VNĐ', '2025-03-31 15:51:49'),
(2, '-7 VNĐ', '2025-03-31 15:52:06'),
(3, '-8 VNĐ', '2025-03-31 15:52:17'),
(4, '-8 VNĐ', '2025-03-31 15:52:28'),
(5, '+7 USD', '2025-03-31 15:52:34'),
(6, '-7 USD', '2025-03-31 15:52:41'),
(7, '-8 USD', '2025-03-31 15:52:47');

-- --------------------------------------------------------

--
-- Cấu trúc bảng cho bảng `fb_configs`
--

CREATE TABLE `fb_configs` (
  `id` int(11) NOT NULL,
  `name` varchar(255) COLLATE utf8mb4_unicode_ci NOT NULL,
  `account_id` varchar(255) COLLATE utf8mb4_unicode_ci NOT NULL,
  `source` varchar(255) COLLATE utf8mb4_unicode_ci NOT NULL,
  `account_type_id` int(11) NOT NULL,
  `created_at` timestamp NOT NULL DEFAULT current_timestamp()
) ENGINE=InnoDB DEFAULT CHARSET=utf8mb4 COLLATE=utf8mb4_unicode_ci;

--
-- Đang đổ dữ liệu cho bảng `fb_configs`
--

INSERT INTO `fb_configs` (`id`, `name`, `account_id`, `source`, `account_type_id`, `created_at`) VALUES
(7, '-7 VNĐ - 01/04/2025 11:03', '', 'Trung', 2, '2025-04-01 04:03:49'),
(8, '-7 VNĐ - 01/04/2025 11:03 (Đơn #3)', 'auto-1742981866', 'Trung', 2, '2025-04-01 04:04:31'),
(9, '-7 VNĐ - 01/04/2025 11:03 (Đơn #3) (Đơn #3)', 'auto-1742981866', 'Trung', 2, '2025-04-01 04:04:35'),
(10, '-7 VNĐ - 01/04/2025 11:03 (Đơn #3) (Đơn #3) (Đơn #3)', 'auto-1742981866', 'Trung', 2, '2025-04-01 04:04:41'),
(11, '-7 VNĐ - 01/04/2025 11:03 (Đơn #3) (Đơn #3) (Đơn #3) (Đơn #3)', '1124658869662496', 'Trung', 2, '2025-04-01 04:25:29'),
(12, '-7 VNĐ - 01/04/2025 11:03 (Đơn #3) (Đơn #3) (Đơn #3) (Đơn #3) (Đơn #3)', '1295896175192918 1124658869662496', 'Trung', 2, '2025-04-01 04:27:18'),
(13, '-7 VNĐ - 01/04/2025 11:03 (Đơn #3) (Đơn #3) (Đơn #3) (Đơn #3) (Đơn #3) (Đơn #3)', '1295896175192918 1124658869662496', 'Trung', 2, '2025-04-01 04:27:37'),
(14, '-7 VNĐ - 01/04/2025 11:03 (Đơn #3) (Đơn #3) (Đơn #3) (Đơn #3) (Đơn #3) (Đơn #3) (Đơn #3)', '1295896175192918 1124658869662496', 'Trung', 2, '2025-04-01 04:30:05'),
(15, '-7 USD - 02/04/2025 14:50', '', 'Giang', 6, '2025-04-02 07:50:50'),
(16, '-7 USD - 02/04/2025 14:50 (Đơn #4)', '6808553479194139 667966908660659', 'Giang', 6, '2025-04-02 08:02:01'),
(17, '+7 VNĐ - 03/04/2025 08:44', '', 'Trường', 1, '2025-04-03 01:44:21'),
(18, '+7 VNĐ - 03/04/2025 08:44', '', 'Giang', 1, '2025-04-03 01:44:43'),
(19, '-7 USD - 03/04/2025 09:49', '', 'Trường', 6, '2025-04-03 02:49:22'),
(20, '+7 VNĐ - 03/04/2025 09:49', '', 'Trường', 1, '2025-04-03 02:49:31'),
(21, '-7 USD - 02/04/2025 14:50 (Đơn #4) (Đơn #4)', '822415092969544 2678000352377188', 'Giang', 6, '2025-04-03 03:12:27'),
(22, '+7 VNĐ - 03/04/2025 08:44 (Đơn #5)', '1726490624789197, 418703891302370', 'Trường', 1, '2025-04-03 04:10:46'),
(23, '+7 VNĐ - 03/04/2025 11:11', '', 'Trường', 1, '2025-04-03 04:11:36'),
(24, '+7 VNĐ - 03/04/2025 09:49 (Đơn #8)', '1212495576681185', 'Trường', 1, '2025-04-03 04:13:04'),
(25, '+7 VNĐ - 03/04/2025 09:49 (Đơn #8) (Đơn #8)', '1212495576681185', 'Trường', 1, '2025-04-03 04:16:43'),
(26, '-7 VNĐ - 03/04/2025 17:33', '', 'Hecci', 2, '2025-04-03 10:33:53'),
(27, '+7 VNĐ - 03/04/2025 08:44 (Đơn #6)', '1403051657215105', 'Giang', 1, '2025-04-04 02:49:29'),
(28, '+7 VNĐ - 03/04/2025 08:44 (Đơn #6) (Đơn #6)', '1403051657215105', 'Giang', 1, '2025-04-04 02:57:34'),
(29, '-7 VNĐ - 03/04/2025 17:33 (Đơn #10)', '1363085538289070', 'Hecci', 2, '2025-04-04 03:16:00'),
(30, '+7 VNĐ - 03/04/2025 08:44 (Đơn #6) (Đơn #6) (Đơn #6)', '1403051657215105', 'Giang', 1, '2025-04-04 03:16:07'),
(31, '+7 VNĐ - 03/04/2025 11:11 (Đơn #9)', '1636566637151225,1057472448593645', 'Trường', 1, '2025-04-04 03:16:29'),
(32, '+7 VNĐ - 03/04/2025 08:44 (Đơn #6) (Đơn #6) (Đơn #6) (Đơn #6)', '1403051657215105 601326139246731', 'Giang', 1, '2025-04-04 03:52:21'),
(33, '-7 VNĐ - 03/04/2025 17:33 (Đơn #10) (Đơn #10)', '659403566495590', 'Hecci', 2, '2025-04-04 03:59:35'),
(34, '-7 VNĐ - 03/04/2025 17:33 (Đơn #10) (Đơn #10) (Đơn #10)', '659403566495590 660301396586165', 'Hecci', 2, '2025-04-04 04:04:04'),
(35, '+7 VNĐ - 04/04/2025 13:39', '', 'Giang', 1, '2025-04-04 06:39:49'),
(36, '+7 VNĐ - 04/04/2025 13:39 (Đơn #11)', '377129467299430', 'Giang', 1, '2025-04-04 10:01:46'),
(37, '+7 VNĐ - 04/04/2025 13:39 (Đơn #11) (Đơn #11)', '377129467299430', 'Giang', 1, '2025-04-04 10:01:50'),
(38, '-7 USD - 08/04/2025 09:39', '', 'Hecci', 6, '2025-04-08 02:39:03'),
(39, '-7 USD - 08/04/2025 11:47', '', 'Hecci', 6, '2025-04-08 04:47:01'),
(40, '-7 USD - 08/04/2025 16:04', '', 'Hecci', 6, '2025-04-08 09:04:36'),
(41, '-7 USD - 08/04/2025 16:04 (Đơn #14)', 'id tài khoản 2', 'Hecci', 6, '2025-04-08 09:04:42'),
(42, '-7 USD - 08/04/2025 16:04 (Đơn #14) (Đơn #14)', 'id tài khoản 2', 'Hecci', 6, '2025-04-08 09:04:48'),
(43, '-7 USD - 08/04/2025 16:04 (Đơn #14) (Đơn #14) (Đơn #14)', 'id tài khoản 2', 'Hecci', 6, '2025-04-08 09:04:59'),
(44, '-7 VNĐ - 08/04/2025 16:13', '', 'Trường', 2, '2025-04-08 09:13:51'),
(45, '+7 VNĐ - 08/04/2025 16:14', '', 'Trường', 1, '2025-04-08 09:14:26'),
(46, '+7 VNĐ - 08/04/2025 16:14 (Đơn #16)', '1129685045191725 1078870856865813', 'Trường', 1, '2025-04-08 10:06:26'),
(47, '-7 VNĐ - 08/04/2025 16:13 (Đơn #15)', '1720087148396296', 'Trường', 2, '2025-04-08 10:06:37'),
(48, '-7 VNĐ - 08/04/2025 16:13 (Đơn #15) (Đơn #15)', '1720087148396296 756204976558624', 'Trường', 2, '2025-04-08 10:08:52'),
(49, '-7 VNĐ - 10/04/2025 14:10', '', 'Trường', 2, '2025-04-10 07:10:34'),
(50, '+7 VNĐ - 10/04/2025 16:27', '', 'Trường', 1, '2025-04-10 09:27:20'),
(51, '-7 VNĐ - 11/04/2025 14:11', '', 'Trường', 2, '2025-04-11 07:11:21'),
(52, '+7 VNĐ - 11/04/2025 14:11', '', 'Trường', 1, '2025-04-11 07:11:30'),
(53, '-7 VNĐ - 11/04/2025 14:21', '', 'Trường', 2, '2025-04-11 07:21:18'),
(54, '-7 VNĐ - 10/04/2025 14:10 (Đơn #17)', '809785921358530', 'Trường', 2, '2025-04-11 07:21:41'),
(55, '-7 VNĐ - 11/04/2025 15:08', '', 'Trường', 2, '2025-04-11 08:08:21'),
(56, '+7 VNĐ - 11/04/2025 15:08', '', 'Trường', 1, '2025-04-11 08:08:35'),
(57, '-7 VNĐ - 11/04/2025 15:08 (Đơn #22)', '648715841277090', 'Trường', 2, '2025-04-11 08:12:01'),
(58, '+7 VNĐ - 11/04/2025 15:08 (Đơn #23)', '1213478610374896', 'Trường', 1, '2025-04-11 08:12:07'),
(59, '+7 USD - 12/04/2025 11:07', '', 'Trường', 5, '2025-04-12 04:07:11'),
(60, '+7 USD - 12/04/2025 11:07 (Đơn #24)', '351276577620490', 'Trường', 5, '2025-04-12 04:36:18');

-- --------------------------------------------------------

--
-- Cấu trúc bảng cho bảng `fb_orders`
--

CREATE TABLE `fb_orders` (
  `id` int(11) NOT NULL,
  `user_id` int(11) NOT NULL,
  `fb_config_id` int(11) NOT NULL,
  `quantity` int(11) NOT NULL,
  `source` varchar(255) COLLATE utf8mb4_unicode_ci DEFAULT NULL,
  `status` varchar(20) COLLATE utf8mb4_unicode_ci NOT NULL DEFAULT 'Pending',
  `notification` text COLLATE utf8mb4_unicode_ci DEFAULT NULL,
  `created_at` timestamp NOT NULL DEFAULT current_timestamp()
) ENGINE=InnoDB DEFAULT CHARSET=utf8mb4 COLLATE=utf8mb4_unicode_ci;

--
-- Đang đổ dữ liệu cho bảng `fb_orders`
--

INSERT INTO `fb_orders` (`id`, `user_id`, `fb_config_id`, `quantity`, `source`, `status`, `notification`, `created_at`) VALUES
(3, 33, 14, 2, '4', 'Processed', 'Nguồn nào tốt nhất thì lấy ở nguồn đấy giúp em ạ. Em cảm ơn.', '2025-04-01 04:03:49'),
(4, 16, 21, 2, '1', 'Processed', 'cấp luôn giúp em nhé', '2025-04-02 07:50:50'),
(5, 14, 22, 2, '2', 'Processed', 'Phải Ngon mới đưa cho em đó', '2025-04-03 01:44:21'),
(6, 14, 32, 2, '1', 'Processed', 'vẫn phải ngon mới được đưa cho em đó', '2025-04-03 01:44:43'),
(7, 29, 19, 2, '2', 'Pending', '', '2025-04-03 02:49:22'),
(8, 29, 25, 1, '2', 'Processed', '', '2025-04-03 02:49:31'),
(9, 33, 31, 2, '2', 'Processed', '', '2025-04-03 04:11:36'),
(10, 18, 34, 2, '3', 'Processed', '', '2025-04-03 10:33:53'),
(11, 19, 37, 1, '1', 'Processed', '', '2025-04-04 06:39:49'),
(12, 16, 38, 2, '3', 'Pending', 'Tài khoản mới', '2025-04-08 02:39:03'),
(13, 19, 39, 1, '3', 'Pending', '', '2025-04-08 04:47:01'),
(15, 55, 48, 2, '2', 'Processed', '', '2025-04-08 09:13:51'),
(16, 55, 46, 2, '2', 'Processed', '', '2025-04-08 09:14:26'),
(17, 33, 54, 1, '2', 'Processed', '', '2025-04-10 07:10:34'),
(18, 14, 50, 1, '2', 'Pending', '', '2025-04-10 09:27:20'),
(19, 29, 51, 1, '2', 'Rejected', '', '2025-04-11 07:11:21'),
(20, 29, 52, 1, '2', 'Rejected', '', '2025-04-11 07:11:30'),
(21, 33, 53, 1, '2', 'Processed', '', '2025-04-11 07:21:18'),
(22, 57, 57, 1, '2', 'Processed', '', '2025-04-11 08:08:21'),
(23, 57, 58, 1, '2', 'Processed', '', '2025-04-11 08:08:35'),
(24, 52, 60, 1, '2', 'Processed', '', '2025-04-12 04:07:11');

-- --------------------------------------------------------

--
-- Cấu trúc bảng cho bảng `fb_sources`
--

CREATE TABLE `fb_sources` (
  `id` int(11) NOT NULL,
  `name` varchar(255) COLLATE utf8mb4_unicode_ci NOT NULL,
  `created_at` timestamp NOT NULL DEFAULT current_timestamp(),
  `status` enum('active','inactive') COLLATE utf8mb4_unicode_ci NOT NULL DEFAULT 'active'
) ENGINE=InnoDB DEFAULT CHARSET=utf8mb4 COLLATE=utf8mb4_unicode_ci;

--
-- Đang đổ dữ liệu cho bảng `fb_sources`
--

INSERT INTO `fb_sources` (`id`, `name`, `created_at`, `status`) VALUES
(1, 'Giang', '2025-03-31 15:52:52', 'active'),
(2, 'Trường', '2025-03-31 15:52:57', 'active'),
(3, 'Hecci', '2025-03-31 15:53:03', 'active'),
(4, 'Trung', '2025-03-31 15:53:10', 'active');

-- --------------------------------------------------------

--
-- Cấu trúc bảng cho bảng `logs`
--

CREATE TABLE `logs` (
  `id` int(11) NOT NULL,
  `user_id` int(11) NOT NULL,
  `action` varchar(255) NOT NULL,
  `details` text DEFAULT NULL,
  `created_at` timestamp NOT NULL DEFAULT current_timestamp() ON UPDATE current_timestamp()
) ENGINE=InnoDB DEFAULT CHARSET=utf8mb4;

--
-- Đang đổ dữ liệu cho bảng `logs`
--

INSERT INTO `logs` (`id`, `user_id`, `action`, `details`, `created_at`) VALUES
(567, 1, 'view_logs', '{\"time\":\"2025-04-01 20:35:27\",\"filters\":{\"user_id\":0,\"action\":\"\",\"start_date\":\"\",\"end_date\":\"\"},\"page\":1}', '2025-04-01 13:35:27'),
(568, 1, 'login', '{\"username\":\"admin\",\"success\":true,\"ip\":\"42.118.45.239\",\"time\":\"2025-04-02 08:38:38\"}', '2025-04-02 01:38:38'),
(569, 1, 'view_dashboard', '{\"time\":\"2025-04-02 08:38:38\"}', '2025-04-02 01:38:38'),
(570, 2, 'login', '{\"username\":\"trieuthiduong\",\"success\":true,\"ip\":\"27.72.103.187\",\"time\":\"2025-04-02 08:40:33\"}', '2025-04-02 01:40:33'),
(571, 2, 'view_dashboard', '{\"time\":\"2025-04-02 08:40:33\"}', '2025-04-02 01:40:33'),
(572, 15, 'login', '{\"username\":\"Nguy\\u1ec5n Th\\u1ecb Kh\\u00e1nh Linh\",\"success\":true,\"ip\":\"27.72.28.80\",\"time\":\"2025-04-02 08:43:06\"}', '2025-04-02 01:43:06'),
(573, 15, 'view_dashboard', '{\"time\":\"2025-04-02 08:43:06\"}', '2025-04-02 01:43:06'),
(574, 15, 'create_order', '{\"time\":\"2025-04-02 08:44:55\",\"order_id\":\"18\",\"details\":{\"resource_type\":3,\"quantity\":10,\"source\":\"Gmail vi\\u1ec7t c\\u1ed5 2015\"}}', '2025-04-02 01:44:55'),
(575, 8, 'login', '{\"username\":\"\\u0110\\u00e0o V\\u0103n Th\\u01b0\\u01a1ng\",\"success\":true,\"ip\":\"27.72.98.210\",\"time\":\"2025-04-02 08:45:02\"}', '2025-04-02 01:45:02'),
(576, 8, 'view_dashboard', '{\"time\":\"2025-04-02 08:45:02\"}', '2025-04-02 01:45:02'),
(577, 8, 'create_order', '{\"time\":\"2025-04-02 08:48:12\",\"order_id\":\"19\",\"details\":{\"resource_type\":3,\"quantity\":10,\"source\":\"email c\\u1ed5 2015 xmdt\"}}', '2025-04-02 01:48:12'),
(578, 2, 'update_order', '{\"time\":\"2025-04-02 08:52:12\",\"order_id\":\"18\",\"details\":{\"old_status\":null,\"new_status\":\"Pending\",\"quantity_returned\":null}}', '2025-04-02 01:52:12'),
(579, 2, 'update_order', '{\"time\":\"2025-04-02 08:52:24\",\"order_id\":\"18\",\"details\":{\"old_status\":null,\"new_status\":\"Processed\",\"quantity_returned\":null}}', '2025-04-02 01:52:24'),
(580, 2, 'update_order', '{\"time\":\"2025-04-02 08:53:22\",\"order_id\":\"19\",\"details\":{\"old_status\":null,\"new_status\":\"Processed\",\"quantity_returned\":null}}', '2025-04-02 01:53:22'),
(581, 8, 'logout', '{\"time\":\"2025-04-02 08:56:14\",\"ip\":\"27.72.98.210\"}', '2025-04-02 01:56:14'),
(582, 16, 'login', '{\"username\":\"L\\u00ea H\\u1eefu V\\u0169\",\"success\":true,\"ip\":\"27.72.98.210\",\"time\":\"2025-04-02 08:56:30\"}', '2025-04-02 01:56:30'),
(583, 16, 'view_dashboard', '{\"time\":\"2025-04-02 08:56:30\"}', '2025-04-02 01:56:30'),
(584, 15, 'view_dashboard', '{\"time\":\"2025-04-02 08:57:51\"}', '2025-04-02 01:57:51'),
(585, 15, 'view_profile', '[]', '2025-04-02 01:57:57'),
(586, 16, 'view_profile', '[]', '2025-04-02 01:58:29'),
(587, 15, 'view_profile', '[]', '2025-04-02 01:58:33'),
(588, 15, 'view_dashboard', '{\"time\":\"2025-04-02 08:58:36\"}', '2025-04-02 01:58:36'),
(589, 16, 'logout', '{\"time\":\"2025-04-02 08:58:37\",\"ip\":\"27.72.28.80\"}', '2025-04-02 01:58:37'),
(590, 15, 'view_profile', '[]', '2025-04-02 01:58:38'),
(591, 8, 'login', '{\"username\":\"\\u0110\\u00e0o V\\u0103n Th\\u01b0\\u01a1ng\",\"success\":true,\"ip\":\"27.72.28.80\",\"time\":\"2025-04-02 08:59:28\"}', '2025-04-02 01:59:28'),
(592, 8, 'view_dashboard', '{\"time\":\"2025-04-02 08:59:28\"}', '2025-04-02 01:59:28'),
(593, 15, 'view_dashboard', '{\"time\":\"2025-04-02 08:59:49\"}', '2025-04-02 01:59:49'),
(594, 15, 'view_dashboard', '{\"time\":\"2025-04-02 09:00:05\"}', '2025-04-02 02:00:05'),
(595, 15, 'view_dashboard', '{\"time\":\"2025-04-02 09:00:30\"}', '2025-04-02 02:00:30'),
(596, 15, 'view_profile', '[]', '2025-04-02 02:01:11'),
(597, 5, 'login', '{\"username\":\"B\\u00f9i V\\u0103n Vui\",\"success\":true,\"ip\":\"27.72.98.210\",\"time\":\"2025-04-02 09:03:42\"}', '2025-04-02 02:03:42'),
(598, 5, 'view_dashboard', '{\"time\":\"2025-04-02 09:03:42\"}', '2025-04-02 02:03:42'),
(599, 5, 'view_dashboard', '{\"time\":\"2025-04-02 09:03:55\"}', '2025-04-02 02:03:55'),
(600, 5, 'view_profile', '[]', '2025-04-02 02:04:00'),
(601, 15, 'view_dashboard', '{\"time\":\"2025-04-02 09:04:03\"}', '2025-04-02 02:04:03'),
(602, 5, 'view_dashboard', '{\"time\":\"2025-04-02 09:06:13\"}', '2025-04-02 02:06:13'),
(603, 8, 'logout', '{\"time\":\"2025-04-02 09:08:51\",\"ip\":\"27.72.98.210\"}', '2025-04-02 02:08:51'),
(604, 18, 'login', '{\"username\":\"Nguy\\u1ec5n Vi\\u1ec7t H\\u00f9ng\",\"success\":true,\"ip\":\"27.72.98.210\",\"time\":\"2025-04-02 09:09:07\"}', '2025-04-02 02:09:07'),
(605, 18, 'view_dashboard', '{\"time\":\"2025-04-02 09:09:07\"}', '2025-04-02 02:09:07'),
(606, 18, 'view_profile', '[]', '2025-04-02 02:09:20'),
(607, 18, 'view_profile', '[]', '2025-04-02 02:09:32'),
(608, 18, 'update_avatar', '{\"avatar\":\"changed\"}', '2025-04-02 02:09:32'),
(609, 18, 'view_profile', '[]', '2025-04-02 02:09:36'),
(610, 18, 'update_avatar', '{\"avatar\":\"changed\"}', '2025-04-02 02:09:36'),
(611, 18, 'logout', '{\"time\":\"2025-04-02 09:09:42\",\"ip\":\"27.72.98.210\"}', '2025-04-02 02:09:42'),
(612, 16, 'login', '{\"username\":\"L\\u00ea H\\u1eefu V\\u0169\",\"success\":true,\"ip\":\"27.72.98.210\",\"time\":\"2025-04-02 09:10:00\"}', '2025-04-02 02:10:00'),
(613, 16, 'view_dashboard', '{\"time\":\"2025-04-02 09:10:00\"}', '2025-04-02 02:10:00'),
(614, 15, 'login', '{\"username\":\"Nguy\\u1ec5n Th\\u1ecb Kh\\u00e1nh Linh\",\"success\":true,\"ip\":\"27.72.103.187\",\"time\":\"2025-04-02 09:10:27\"}', '2025-04-02 02:10:27'),
(615, 15, 'view_dashboard', '{\"time\":\"2025-04-02 09:10:27\"}', '2025-04-02 02:10:27'),
(616, 15, 'view_profile', '[]', '2025-04-02 02:11:42'),
(617, 16, 'view_profile', '[]', '2025-04-02 02:12:21'),
(618, 16, 'view_profile', '[]', '2025-04-02 02:12:25'),
(619, 16, 'update_avatar', '{\"avatar\":\"changed\"}', '2025-04-02 02:12:25'),
(620, 16, 'view_profile', '[]', '2025-04-02 02:12:29'),
(621, 16, 'update_avatar', '{\"avatar\":\"changed\"}', '2025-04-02 02:12:29'),
(622, 16, 'logout', '{\"time\":\"2025-04-02 09:12:32\",\"ip\":\"27.72.98.210\"}', '2025-04-02 02:12:32'),
(623, 0, 'login', '{\"username\":\"Nguy\\u1ec5n Ng\\u1ecdc T\\u00f9ng\",\"success\":false,\"ip\":\"27.72.98.210\",\"time\":\"2025-04-02 09:12:45\"}', '2025-04-02 02:12:45'),
(624, 0, 'login', '{\"username\":\"Nguy\\u1ec5n Ng\\u1ecdc T\\u00f9ng\",\"success\":false,\"ip\":\"27.72.98.210\",\"time\":\"2025-04-02 09:12:56\"}', '2025-04-02 02:12:56'),
(625, 0, 'login', '{\"username\":\"Tr\\u1ea7n Y\\u00ean Ph\\u00fac\",\"success\":false,\"ip\":\"27.72.98.210\",\"time\":\"2025-04-02 09:13:31\"}', '2025-04-02 02:13:32'),
(626, 8, 'login', '{\"username\":\"\\u0110\\u00e0o V\\u0103n Th\\u01b0\\u01a1ng\",\"success\":true,\"ip\":\"27.72.98.210\",\"time\":\"2025-04-02 09:13:47\"}', '2025-04-02 02:13:47'),
(627, 8, 'view_dashboard', '{\"time\":\"2025-04-02 09:13:47\"}', '2025-04-02 02:13:47'),
(628, 8, 'view_profile', '[]', '2025-04-02 02:13:50'),
(629, 8, 'view_profile', '[]', '2025-04-02 02:14:25'),
(630, 8, 'edit_profile', '{\"email\":\"trieuyhod@gmail.com\",\"password\":\"changed\"}', '2025-04-02 02:14:25'),
(631, 8, 'logout', '{\"time\":\"2025-04-02 09:14:31\",\"ip\":\"27.72.98.210\"}', '2025-04-02 02:14:31'),
(632, 16, 'login', '{\"username\":\"L\\u00ea H\\u1eefu V\\u0169\",\"success\":true,\"ip\":\"27.72.98.210\",\"time\":\"2025-04-02 09:14:42\"}', '2025-04-02 02:14:42'),
(633, 16, 'view_dashboard', '{\"time\":\"2025-04-02 09:14:42\"}', '2025-04-02 02:14:42'),
(634, 16, 'view_profile', '[]', '2025-04-02 02:14:44'),
(635, 16, 'logout', '{\"time\":\"2025-04-02 09:14:56\",\"ip\":\"27.72.98.210\"}', '2025-04-02 02:14:56'),
(636, 8, 'login', '{\"username\":\"\\u0110\\u00e0o V\\u0103n Th\\u01b0\\u01a1ng\",\"success\":true,\"ip\":\"27.72.98.210\",\"time\":\"2025-04-02 09:15:20\"}', '2025-04-02 02:15:20'),
(637, 8, 'view_dashboard', '{\"time\":\"2025-04-02 09:15:20\"}', '2025-04-02 02:15:20'),
(638, 2, 'login', '{\"username\":\"trieuthiduong\",\"success\":true,\"ip\":\"27.72.103.187\",\"time\":\"2025-04-02 10:01:04\"}', '2025-04-02 03:01:04'),
(639, 2, 'view_dashboard', '{\"time\":\"2025-04-02 10:01:04\"}', '2025-04-02 03:01:04'),
(640, 0, 'login', '{\"username\":\"admin\",\"success\":false,\"ip\":\"42.118.45.239\",\"time\":\"2025-04-02 10:51:55\"}', '2025-04-02 03:51:55'),
(641, 1, 'login', '{\"username\":\"admin\",\"success\":true,\"ip\":\"42.118.45.239\",\"time\":\"2025-04-02 10:52:02\"}', '2025-04-02 03:52:02'),
(642, 1, 'view_dashboard', '{\"time\":\"2025-04-02 10:52:02\"}', '2025-04-02 03:52:02'),
(643, 18, 'login', '{\"username\":\"Nguy\\u1ec5n Vi\\u1ec7t H\\u00f9ng\",\"success\":true,\"ip\":\"1.55.166.171\",\"time\":\"2025-04-02 11:36:10\"}', '2025-04-02 04:36:10'),
(644, 18, 'view_dashboard', '{\"time\":\"2025-04-02 11:36:10\"}', '2025-04-02 04:36:10'),
(645, 1, 'login', '{\"username\":\"admin\",\"success\":true,\"ip\":\"42.118.45.239\",\"time\":\"2025-04-02 11:37:30\"}', '2025-04-02 04:37:30'),
(646, 1, 'view_dashboard', '{\"time\":\"2025-04-02 11:37:30\"}', '2025-04-02 04:37:30'),
(647, 1, 'backup_delete', '{\"filename\":\"code_backup_2025-04-01_13-00-16.zip\"}', '2025-04-02 04:37:43'),
(648, 1, 'code_backup', '{\"filename\":\"code_backup_2025-04-02_11-37-44.zip\"}', '2025-04-02 04:37:44'),
(649, 1, 'backup_delete', '{\"filename\":\"database_backup_2025-04-01_12-34-27.sql\"}', '2025-04-02 04:37:48'),
(650, 1, 'database_backup', '{\"filename\":\"database_backup_2025-04-02_11-37-49.sql\"}', '2025-04-02 04:37:49'),
(651, 1, 'backup_download', '{\"filename\":\"code_backup_2025-04-02_11-37-44.zip\"}', '2025-04-02 04:37:50'),
(652, 1, 'backup_download', '{\"filename\":\"database_backup_2025-04-02_11-37-49.sql\"}', '2025-04-02 04:38:39'),
(653, 1, 'view_logs', '{\"time\":\"2025-04-02 11:40:15\",\"filters\":{\"user_id\":0,\"action\":\"\",\"start_date\":\"\",\"end_date\":\"\"},\"page\":1}', '2025-04-02 04:40:15'),
(654, 1, 'view_logs', '{\"time\":\"2025-04-02 11:40:19\",\"filters\":{\"user_id\":0,\"action\":\"\",\"start_date\":\"\",\"end_date\":\"\"},\"page\":2}', '2025-04-02 04:40:19'),
(655, 1, 'view_logs', '{\"time\":\"2025-04-02 11:40:23\",\"filters\":{\"user_id\":0,\"action\":\"\",\"start_date\":\"\",\"end_date\":\"\"},\"page\":3}', '2025-04-02 04:40:23'),
(656, 1, 'view_logs', '{\"time\":\"2025-04-02 11:40:25\",\"filters\":{\"user_id\":0,\"action\":\"\",\"start_date\":\"\",\"end_date\":\"\"},\"page\":4}', '2025-04-02 04:40:25'),
(657, 1, 'view_logs', '{\"time\":\"2025-04-02 11:40:27\",\"filters\":{\"user_id\":0,\"action\":\"\",\"start_date\":\"\",\"end_date\":\"\"},\"page\":5}', '2025-04-02 04:40:27'),
(658, 1, 'view_logs', '{\"time\":\"2025-04-02 11:40:29\",\"filters\":{\"user_id\":0,\"action\":\"\",\"start_date\":\"\",\"end_date\":\"\"},\"page\":7}', '2025-04-02 04:40:29'),
(659, 1, 'view_logs', '{\"time\":\"2025-04-02 11:40:35\",\"filters\":{\"user_id\":0,\"action\":\"\",\"start_date\":\"\",\"end_date\":\"\"},\"page\":8}', '2025-04-02 04:40:35'),
(660, 0, 'login', '{\"username\":\"admin\",\"success\":false,\"ip\":\"42.118.45.239\",\"time\":\"2025-04-02 12:09:16\"}', '2025-04-02 05:09:16'),
(661, 1, 'logout', '{\"time\":\"2025-04-02 12:20:59\",\"ip\":\"42.118.45.239\"}', '2025-04-02 05:20:59'),
(662, 0, 'login', '{\"username\":\"admin\",\"success\":false,\"ip\":\"42.118.45.239\",\"time\":\"2025-04-02 12:21:05\"}', '2025-04-02 05:21:05'),
(663, 1, 'login', '{\"username\":\"admin\",\"success\":true,\"ip\":\"42.118.45.239\",\"time\":\"2025-04-02 12:30:23\"}', '2025-04-02 05:30:23'),
(664, 1, 'view_dashboard', '{\"time\":\"2025-04-02 12:30:23\"}', '2025-04-02 05:30:23'),
(665, 1, 'view_dashboard', '{\"time\":\"2025-04-02 12:32:46\"}', '2025-04-02 05:32:46'),
(666, 1, 'view_dashboard', '{\"time\":\"2025-04-02 12:33:06\"}', '2025-04-02 05:33:06'),
(667, 1, 'view_dashboard', '{\"time\":\"2025-04-02 12:33:07\"}', '2025-04-02 05:33:07'),
(668, 1, 'view_dashboard', '{\"time\":\"2025-04-02 12:33:08\"}', '2025-04-02 05:33:08'),
(669, 1, 'view_dashboard', '{\"time\":\"2025-04-02 12:33:08\"}', '2025-04-02 05:33:08'),
(670, 1, 'logout', '{\"time\":\"2025-04-02 12:33:09\",\"ip\":\"42.118.45.239\"}', '2025-04-02 05:33:09'),
(671, 0, 'login', '{\"username\":\"admin\",\"success\":false,\"ip\":\"42.118.45.239\",\"time\":\"2025-04-02 12:33:11\"}', '2025-04-02 05:33:11'),
(672, 0, 'login', '{\"username\":\"admin\",\"success\":false,\"ip\":\"42.118.45.239\",\"time\":\"2025-04-02 12:33:19\"}', '2025-04-02 05:33:19'),
(673, 2, 'login', '{\"username\":\"trieuthiduong\",\"success\":true,\"ip\":\"27.72.103.187\",\"time\":\"2025-04-02 14:19:15\"}', '2025-04-02 07:19:15'),
(674, 2, 'view_dashboard', '{\"time\":\"2025-04-02 14:19:15\"}', '2025-04-02 07:19:15'),
(675, 18, 'login', '{\"username\":\"Nguy\\u1ec5n Vi\\u1ec7t H\\u00f9ng\",\"success\":true,\"ip\":\"27.72.28.80\",\"time\":\"2025-04-02 14:25:45\"}', '2025-04-02 07:25:45'),
(676, 18, 'view_dashboard', '{\"time\":\"2025-04-02 14:25:45\"}', '2025-04-02 07:25:45'),
(677, 18, 'view_profile', '[]', '2025-04-02 07:25:49'),
(678, 18, 'view_profile', '[]', '2025-04-02 07:26:11'),
(679, 18, 'update_avatar', '{\"avatar\":\"changed\"}', '2025-04-02 07:26:11'),
(680, 18, 'view_profile', '[]', '2025-04-02 07:26:16'),
(681, 18, 'update_avatar', '{\"avatar\":\"changed\"}', '2025-04-02 07:26:16'),
(682, 18, 'view_profile', '[]', '2025-04-02 07:26:17'),
(683, 18, 'update_avatar', '{\"avatar\":\"changed\"}', '2025-04-02 07:26:17'),
(684, 18, 'view_profile', '[]', '2025-04-02 07:26:32'),
(685, 18, 'update_avatar', '{\"avatar\":\"changed\"}', '2025-04-02 07:26:32'),
(686, 18, 'view_profile', '[]', '2025-04-02 07:27:18'),
(687, 18, 'update_avatar', '{\"avatar\":\"changed\"}', '2025-04-02 07:27:18'),
(688, 18, 'view_profile', '[]', '2025-04-02 07:28:24'),
(689, 18, 'update_avatar', '{\"avatar\":\"changed\"}', '2025-04-02 07:28:24'),
(690, 1, 'login', '{\"username\":\"admin\",\"success\":true,\"ip\":\"42.118.45.239\",\"time\":\"2025-04-02 14:49:12\"}', '2025-04-02 07:49:12'),
(691, 1, 'view_dashboard', '{\"time\":\"2025-04-02 14:49:12\"}', '2025-04-02 07:49:12'),
(692, 16, 'login', '{\"username\":\"L\\u00ea H\\u1eefu V\\u0169\",\"success\":true,\"ip\":\"27.72.28.80\",\"time\":\"2025-04-02 14:50:25\"}', '2025-04-02 07:50:25'),
(693, 16, 'view_dashboard', '{\"time\":\"2025-04-02 14:50:25\"}', '2025-04-02 07:50:25'),
(694, 16, 'create_fb_order', '{\"time\":\"2025-04-02 14:50:50\",\"order_id\":\"4\",\"details\":{\"fb_config_id\":\"15\",\"quantity\":2,\"source_id\":1,\"notification\":\"c\\u1ea5p lu\\u00f4n gi\\u00fap em nh\\u00e9\"}}', '2025-04-02 07:50:50'),
(695, 2, 'update_fb_order_status', '{\"time\":\"2025-04-02 15:02:01\",\"order_id\":4,\"details\":{\"old_status\":\"Pending\",\"new_status\":\"Processed\",\"notification\":\"c\\u1ea5p lu\\u00f4n gi\\u00fap em nh\\u00e9\"}}', '2025-04-02 08:02:01'),
(696, 16, 'view_dashboard', '{\"time\":\"2025-04-02 15:04:31\"}', '2025-04-02 08:04:31'),
(697, 16, 'view_profile', '[]', '2025-04-02 08:04:42'),
(698, 18, 'login', '{\"username\":\"Nguy\\u1ec5n Vi\\u1ec7t H\\u00f9ng\",\"success\":true,\"ip\":\"27.72.98.210\",\"time\":\"2025-04-02 15:07:06\"}', '2025-04-02 08:07:06'),
(699, 18, 'view_dashboard', '{\"time\":\"2025-04-02 15:07:06\"}', '2025-04-02 08:07:06'),
(700, 18, 'view_profile', '[]', '2025-04-02 08:07:08'),
(701, 18, 'view_profile', '[]', '2025-04-02 08:07:12'),
(702, 18, 'update_avatar', '{\"avatar\":\"changed\"}', '2025-04-02 08:07:12'),
(703, 18, 'view_profile', '[]', '2025-04-02 08:07:22'),
(704, 18, 'update_avatar', '{\"avatar\":\"changed\"}', '2025-04-02 08:07:22'),
(705, 16, 'view_profile', '[]', '2025-04-02 08:07:27'),
(706, 18, 'logout', '{\"time\":\"2025-04-02 15:08:00\",\"ip\":\"27.72.98.210\"}', '2025-04-02 08:08:00'),
(707, 16, 'login', '{\"username\":\"L\\u00ea H\\u1eefu V\\u0169\",\"success\":true,\"ip\":\"27.72.98.210\",\"time\":\"2025-04-02 15:08:08\"}', '2025-04-02 08:08:08'),
(708, 16, 'view_dashboard', '{\"time\":\"2025-04-02 15:08:08\"}', '2025-04-02 08:08:08'),
(709, 16, 'view_profile', '[]', '2025-04-02 08:08:10'),
(710, 16, 'view_profile', '[]', '2025-04-02 08:08:13'),
(711, 16, 'update_avatar', '{\"avatar\":\"changed\"}', '2025-04-02 08:08:13'),
(712, 16, 'view_profile', '[]', '2025-04-02 08:08:33'),
(713, 16, 'update_avatar', '{\"avatar\":\"changed\"}', '2025-04-02 08:08:33'),
(714, 16, 'view_profile', '[]', '2025-04-02 08:08:37'),
(715, 16, 'update_avatar', '{\"avatar\":\"changed\"}', '2025-04-02 08:08:37'),
(716, 16, 'view_profile', '[]', '2025-04-02 08:09:40'),
(717, 16, 'update_avatar', '{\"avatar\":\"changed\"}', '2025-04-02 08:09:40'),
(718, 16, 'logout', '{\"time\":\"2025-04-02 15:09:57\",\"ip\":\"27.72.98.210\"}', '2025-04-02 08:09:57'),
(719, 0, 'login', '{\"username\":\"\\u0110\\u00e0o V\\u0103n Th\\u01b0\\u01a1ng\",\"success\":false,\"ip\":\"27.72.98.210\",\"time\":\"2025-04-02 15:10:10\"}', '2025-04-02 08:10:10'),
(720, 8, 'login', '{\"username\":\"\\u0110\\u00e0o V\\u0103n Th\\u01b0\\u01a1ng\",\"success\":true,\"ip\":\"27.72.98.210\",\"time\":\"2025-04-02 15:10:16\"}', '2025-04-02 08:10:16'),
(721, 8, 'view_dashboard', '{\"time\":\"2025-04-02 15:10:16\"}', '2025-04-02 08:10:16'),
(722, 16, 'view_dashboard', '{\"time\":\"2025-04-02 15:16:36\"}', '2025-04-02 08:16:36'),
(723, 1, 'view_dashboard', '{\"time\":\"2025-04-02 15:25:39\"}', '2025-04-02 08:25:39'),
(724, 8, 'view_dashboard', '{\"time\":\"2025-04-02 15:26:31\"}', '2025-04-02 08:26:31'),
(725, 16, 'login', '{\"username\":\"L\\u00ea H\\u1eefu V\\u0169\",\"success\":true,\"ip\":\"27.72.98.92\",\"time\":\"2025-04-02 16:41:19\"}', '2025-04-02 09:41:19'),
(726, 16, 'view_dashboard', '{\"time\":\"2025-04-02 16:41:31\"}', '2025-04-02 09:41:31'),
(727, 1, 'login', '{\"username\":\"admin\",\"success\":true,\"ip\":\"42.118.45.239\",\"time\":\"2025-04-02 21:21:48\"}', '2025-04-02 14:21:48'),
(728, 1, 'view_dashboard', '{\"time\":\"2025-04-02 21:21:48\"}', '2025-04-02 14:21:48'),
(729, 2, 'login', '{\"username\":\"trieuthiduong\",\"success\":true,\"ip\":\"27.72.103.187\",\"time\":\"2025-04-03 08:35:36\"}', '2025-04-03 01:35:36'),
(730, 2, 'view_dashboard', '{\"time\":\"2025-04-03 08:35:36\"}', '2025-04-03 01:35:36'),
(731, 0, 'login', '{\"username\":\"trieuyhod@gmail.com\",\"success\":false,\"ip\":\"27.72.98.210\",\"time\":\"2025-04-03 08:43:16\"}', '2025-04-03 01:43:16'),
(732, 14, 'login', '{\"username\":\"V\\u0169 Ng\\u1ecdc \\u0110\\u1ee9c\",\"success\":true,\"ip\":\"27.72.98.210\",\"time\":\"2025-04-03 08:43:32\"}', '2025-04-03 01:43:32'),
(733, 14, 'view_dashboard', '{\"time\":\"2025-04-03 08:43:32\"}', '2025-04-03 01:43:32'),
(734, 11, 'login', '{\"username\":\"Phan Duy Anh\",\"success\":true,\"ip\":\"27.72.98.210\",\"time\":\"2025-04-03 08:43:49\"}', '2025-04-03 01:43:49'),
(735, 11, 'view_dashboard', '{\"time\":\"2025-04-03 08:43:49\"}', '2025-04-03 01:43:49'),
(736, 14, 'create_fb_order', '{\"time\":\"2025-04-03 08:44:21\",\"order_id\":\"5\",\"details\":{\"fb_config_id\":\"17\",\"quantity\":2,\"source_id\":2,\"notification\":\"Ph\\u1ea3i Ngon m\\u1edbi \\u0111\\u01b0a cho em \\u0111\\u00f3\"}}', '2025-04-03 01:44:21'),
(737, 14, 'create_fb_order', '{\"time\":\"2025-04-03 08:44:43\",\"order_id\":\"6\",\"details\":{\"fb_config_id\":\"18\",\"quantity\":2,\"source_id\":1,\"notification\":\"v\\u1eabn ph\\u1ea3i ngon m\\u1edbi \\u0111\\u01b0\\u1ee3c \\u0111\\u01b0a cho em \\u0111\\u00f3\"}}', '2025-04-03 01:44:43'),
(738, 1, 'login', '{\"username\":\"admin\",\"success\":true,\"ip\":\"42.118.45.239\",\"time\":\"2025-04-03 08:55:54\"}', '2025-04-03 01:55:54'),
(739, 1, 'view_dashboard', '{\"time\":\"2025-04-03 08:55:54\"}', '2025-04-03 01:55:54'),
(740, 14, 'view_profile', '[]', '2025-04-03 01:57:05'),
(741, 14, 'view_dashboard', '{\"time\":\"2025-04-03 08:57:10\"}', '2025-04-03 01:57:10'),
(742, 28, 'login', '{\"username\":\"Ho\\u00e0ng Trung Ki\\u00ean\",\"success\":true,\"ip\":\"27.72.28.80\",\"time\":\"2025-04-03 09:19:32\"}', '2025-04-03 02:19:32'),
(743, 28, 'view_dashboard', '{\"time\":\"2025-04-03 09:19:32\"}', '2025-04-03 02:19:32'),
(744, 28, 'create_order', '{\"time\":\"2025-04-03 09:25:33\",\"order_id\":\"20\",\"details\":{\"resource_type\":3,\"quantity\":5,\"source\":\"\"}}', '2025-04-03 02:25:33'),
(745, 2, 'login', '{\"username\":\"trieuthiduong\",\"success\":true,\"ip\":\"27.72.103.187\",\"time\":\"2025-04-03 09:40:30\"}', '2025-04-03 02:40:30'),
(746, 2, 'view_dashboard', '{\"time\":\"2025-04-03 09:40:30\"}', '2025-04-03 02:40:30'),
(747, 0, 'login', '{\"username\":\"To\\u00e0n B\\u00f9i\",\"success\":false,\"ip\":\"27.72.28.80\",\"time\":\"2025-04-03 09:46:48\"}', '2025-04-03 02:46:48'),
(748, 29, 'login', '{\"username\":\"HKD TO\\u00c0N H\\u1ea2I\",\"success\":true,\"ip\":\"27.72.28.80\",\"time\":\"2025-04-03 09:47:15\"}', '2025-04-03 02:47:15'),
(749, 29, 'view_dashboard', '{\"time\":\"2025-04-03 09:47:15\"}', '2025-04-03 02:47:15'),
(750, 29, 'create_order', '{\"time\":\"2025-04-03 09:48:01\",\"order_id\":\"21\",\"details\":{\"resource_type\":1,\"quantity\":1,\"source\":\"via ch\\u1ea1y ads\"}}', '2025-04-03 02:48:01'),
(751, 29, 'create_fb_order', '{\"time\":\"2025-04-03 09:49:22\",\"order_id\":\"7\",\"details\":{\"fb_config_id\":\"19\",\"quantity\":2,\"source_id\":2,\"notification\":\"\"}}', '2025-04-03 02:49:22'),
(752, 29, 'create_fb_order', '{\"time\":\"2025-04-03 09:49:31\",\"order_id\":\"8\",\"details\":{\"fb_config_id\":\"20\",\"quantity\":1,\"source_id\":2,\"notification\":\"\"}}', '2025-04-03 02:49:31'),
(753, 28, 'view_profile', '[]', '2025-04-03 02:58:56'),
(754, 28, 'view_profile', '[]', '2025-04-03 02:59:16'),
(755, 2, 'update_order', '{\"time\":\"2025-04-03 10:05:07\",\"order_id\":\"20\",\"details\":{\"old_status\":null,\"new_status\":\"Processed\",\"quantity_returned\":null}}', '2025-04-03 03:05:07'),
(756, 5, 'login', '{\"username\":\"B\\u00f9i V\\u0103n Vui\",\"success\":true,\"ip\":\"27.72.28.80\",\"time\":\"2025-04-03 10:08:16\"}', '2025-04-03 03:08:16'),
(757, 5, 'view_dashboard', '{\"time\":\"2025-04-03 10:08:16\"}', '2025-04-03 03:08:16'),
(758, 2, 'update_fb_order_status', '{\"time\":\"2025-04-03 10:12:27\",\"order_id\":4,\"details\":{\"old_status\":\"Processed\",\"new_status\":\"Processed\",\"notification\":\"c\\u1ea5p lu\\u00f4n gi\\u00fap em nh\\u00e9\"}}', '2025-04-03 03:12:27'),
(759, 0, 'login', '{\"username\":\"Nguy\\u1ec5n H\\u1ea3i Anh-Haianh@12345\",\"success\":false,\"ip\":\"27.72.103.187\",\"time\":\"2025-04-03 10:17:40\"}', '2025-04-03 03:17:40'),
(760, 48, 'login', '{\"username\":\"Nguy\\u1ec5n H\\u1ea3i Anh\",\"success\":true,\"ip\":\"27.72.103.187\",\"time\":\"2025-04-03 10:18:04\"}', '2025-04-03 03:18:04'),
(761, 48, 'view_dashboard', '{\"time\":\"2025-04-03 10:18:04\"}', '2025-04-03 03:18:04'),
(762, 48, 'create_order', '{\"time\":\"2025-04-03 10:18:32\",\"order_id\":\"22\",\"details\":{\"resource_type\":1,\"quantity\":2,\"source\":\"Via tuy\\u1ec3n d\\u1ee5ng\"}}', '2025-04-03 03:18:32'),
(763, 0, 'login', '{\"username\":\"Tr\\u1ea7n Th\\u1ecb Th\\u1ea3o\",\"success\":false,\"ip\":\"27.72.103.187\",\"time\":\"2025-04-03 10:19:26\"}', '2025-04-03 03:19:26'),
(764, 0, 'login', '{\"username\":\"Tr\\u1ea7n Th\\u1ecb Th\\u1ea3o\",\"success\":false,\"ip\":\"27.72.103.187\",\"time\":\"2025-04-03 10:19:46\"}', '2025-04-03 03:19:46'),
(765, 0, 'login', '{\"username\":\"Tr\\u1ea7n Th\\u1ecb Th\\u1ea3o\",\"success\":false,\"ip\":\"27.72.103.187\",\"time\":\"2025-04-03 10:20:41\"}', '2025-04-03 03:20:41'),
(766, 0, 'login', '{\"username\":\"Tr\\u1ea7n Th\\u1ecb Th\\u1ea3o(BO)\",\"success\":false,\"ip\":\"27.72.103.187\",\"time\":\"2025-04-03 10:21:34\"}', '2025-04-03 03:21:34'),
(767, 0, 'login', '{\"username\":\"Tr\\u1ea7n Th\\u1ecb Th\\u1ea3o(BO)\",\"success\":false,\"ip\":\"27.72.103.187\",\"time\":\"2025-04-03 10:22:31\"}', '2025-04-03 03:22:31'),
(768, 2, 'update_order', '{\"time\":\"2025-04-03 10:24:10\",\"order_id\":\"22\",\"details\":{\"old_status\":null,\"new_status\":\"Processed\",\"quantity_returned\":null}}', '2025-04-03 03:24:10'),
(769, 48, 'login', '{\"username\":\"Nguy\\u1ec5n H\\u1ea3i Anh\",\"success\":true,\"ip\":\"27.72.103.187\",\"time\":\"2025-04-03 10:25:08\"}', '2025-04-03 03:25:08'),
(770, 48, 'view_dashboard', '{\"time\":\"2025-04-03 10:25:08\"}', '2025-04-03 03:25:08'),
(771, 50, 'login', '{\"username\":\"TTKS\",\"success\":true,\"ip\":\"27.72.103.187\",\"time\":\"2025-04-03 10:29:38\"}', '2025-04-03 03:29:38'),
(772, 50, 'view_dashboard', '{\"time\":\"2025-04-03 10:29:38\"}', '2025-04-03 03:29:38'),
(773, 50, 'view_profile', '[]', '2025-04-03 03:29:41'),
(774, 2, 'view_profile', '[]', '2025-04-03 03:32:32'),
(775, 2, 'view_dashboard', '{\"time\":\"2025-04-03 10:32:33\"}', '2025-04-03 03:32:33'),
(776, 2, 'view_profile', '[]', '2025-04-03 03:32:36'),
(777, 1, 'login', '{\"username\":\"admin\",\"success\":true,\"ip\":\"42.118.45.239\",\"time\":\"2025-04-03 10:35:01\"}', '2025-04-03 03:35:01'),
(778, 1, 'view_dashboard', '{\"time\":\"2025-04-03 10:35:01\"}', '2025-04-03 03:35:01'),
(779, 49, 'login', '{\"username\":\"Tr\\u1ea7n Th\\u1ecb Th\\u1ea3o (BO)\",\"success\":true,\"ip\":\"27.72.103.187\",\"time\":\"2025-04-03 10:36:34\"}', '2025-04-03 03:36:34'),
(780, 49, 'view_dashboard', '{\"time\":\"2025-04-03 10:36:34\"}', '2025-04-03 03:36:34'),
(781, 49, 'create_order', '{\"time\":\"2025-04-03 10:37:07\",\"order_id\":\"23\",\"details\":{\"resource_type\":1,\"quantity\":3,\"source\":\"\"}}', '2025-04-03 03:37:07'),
(782, 2, 'update_order', '{\"time\":\"2025-04-03 10:39:07\",\"order_id\":\"21\",\"details\":{\"old_status\":null,\"new_status\":\"Processed\",\"quantity_returned\":null}}', '2025-04-03 03:39:07'),
(783, 2, 'update_order', '{\"time\":\"2025-04-03 10:49:03\",\"order_id\":\"23\",\"details\":{\"old_status\":null,\"new_status\":\"Processed\",\"quantity_returned\":null}}', '2025-04-03 03:49:03'),
(784, 1, 'view_dashboard', '{\"time\":\"2025-04-03 10:58:26\"}', '2025-04-03 03:58:26'),
(785, 0, 'login', '{\"username\":\"trieuyhod@gmail.com\",\"success\":false,\"ip\":\"27.72.28.80\",\"time\":\"2025-04-03 11:10:13\"}', '2025-04-03 04:10:13'),
(786, 0, 'login', '{\"username\":\"L\\u00ea Anh T\\u00fa\",\"success\":false,\"ip\":\"27.72.28.80\",\"time\":\"2025-04-03 11:10:17\"}', '2025-04-03 04:10:17'),
(787, 0, 'login', '{\"username\":\"trieuyhod@gmail.com\",\"success\":false,\"ip\":\"27.72.28.80\",\"time\":\"2025-04-03 11:10:26\"}', '2025-04-03 04:10:26'),
(788, 2, 'update_fb_order_status', '{\"time\":\"2025-04-03 11:10:46\",\"order_id\":5,\"details\":{\"old_status\":\"Pending\",\"new_status\":\"Processed\",\"notification\":\"Ph\\u1ea3i Ngon m\\u1edbi \\u0111\\u01b0a cho em \\u0111\\u00f3\"}}', '2025-04-03 04:10:46'),
(789, 33, 'login', '{\"username\":\"L\\u00ea Anh T\\u00fa\",\"success\":true,\"ip\":\"27.72.28.80\",\"time\":\"2025-04-03 11:11:03\"}', '2025-04-03 04:11:03'),
(790, 33, 'view_dashboard', '{\"time\":\"2025-04-03 11:11:03\"}', '2025-04-03 04:11:03'),
(791, 33, 'create_fb_order', '{\"time\":\"2025-04-03 11:11:36\",\"order_id\":\"9\",\"details\":{\"fb_config_id\":\"23\",\"quantity\":2,\"source_id\":2,\"notification\":\"\"}}', '2025-04-03 04:11:36'),
(792, 14, 'login', '{\"username\":\"V\\u0169 Ng\\u1ecdc \\u0110\\u1ee9c\",\"success\":true,\"ip\":\"27.72.98.210\",\"time\":\"2025-04-03 11:12:53\"}', '2025-04-03 04:12:53'),
(793, 14, 'view_dashboard', '{\"time\":\"2025-04-03 11:12:54\"}', '2025-04-03 04:12:54'),
(794, 2, 'update_fb_order_status', '{\"time\":\"2025-04-03 11:13:04\",\"order_id\":8,\"details\":{\"old_status\":\"Pending\",\"new_status\":\"Processed\",\"notification\":\"\"}}', '2025-04-03 04:13:04'),
(795, 2, 'update_fb_order_status', '{\"time\":\"2025-04-03 11:16:43\",\"order_id\":8,\"details\":{\"old_status\":\"Processed\",\"new_status\":\"Processed\",\"notification\":\"\"}}', '2025-04-03 04:16:43'),
(796, 33, 'view_dashboard', '{\"time\":\"2025-04-03 11:49:19\"}', '2025-04-03 04:49:19'),
(797, 33, 'view_dashboard', '{\"time\":\"2025-04-03 11:49:19\"}', '2025-04-03 04:49:19'),
(798, 49, 'login', '{\"username\":\"Tr\\u1ea7n Th\\u1ecb Th\\u1ea3o (BO)\",\"success\":true,\"ip\":\"27.72.103.187\",\"time\":\"2025-04-03 11:58:51\"}', '2025-04-03 04:58:51'),
(799, 49, 'view_dashboard', '{\"time\":\"2025-04-03 11:58:51\"}', '2025-04-03 04:58:51'),
(800, 1, 'login', '{\"username\":\"admin\",\"success\":true,\"ip\":\"42.118.45.239\",\"time\":\"2025-04-03 12:03:11\"}', '2025-04-03 05:03:11'),
(801, 1, 'view_dashboard', '{\"time\":\"2025-04-03 12:03:11\"}', '2025-04-03 05:03:11'),
(802, 1, 'view_logs', '{\"time\":\"2025-04-03 12:03:17\",\"filters\":{\"user_id\":0,\"action\":\"\",\"start_date\":\"\",\"end_date\":\"\"},\"page\":1}', '2025-04-03 05:03:17'),
(803, 1, 'view_logs', '{\"time\":\"2025-04-03 12:03:25\",\"filters\":{\"user_id\":0,\"action\":\"\",\"start_date\":\"\",\"end_date\":\"\"},\"page\":2}', '2025-04-03 05:03:25'),
(804, 1, 'view_logs', '{\"time\":\"2025-04-03 12:03:29\",\"filters\":{\"user_id\":0,\"action\":\"\",\"start_date\":\"\",\"end_date\":\"\"},\"page\":1}', '2025-04-03 05:03:29'),
(805, 1, 'view_logs', '{\"time\":\"2025-04-03 12:03:33\",\"filters\":{\"user_id\":0,\"action\":\"\",\"start_date\":\"\",\"end_date\":\"\"},\"page\":2}', '2025-04-03 05:03:33'),
(806, 1, 'view_logs', '{\"time\":\"2025-04-03 12:03:34\",\"filters\":{\"user_id\":0,\"action\":\"\",\"start_date\":\"\",\"end_date\":\"\"},\"page\":3}', '2025-04-03 05:03:34'),
(807, 2, 'login', '{\"username\":\"trieuthiduong\",\"success\":true,\"ip\":\"27.72.103.187\",\"time\":\"2025-04-03 13:46:03\"}', '2025-04-03 06:46:03'),
(808, 2, 'view_dashboard', '{\"time\":\"2025-04-03 13:46:03\"}', '2025-04-03 06:46:03'),
(809, 33, 'login', '{\"username\":\"L\\u00ea Anh T\\u00fa\",\"success\":true,\"ip\":\"27.72.98.210\",\"time\":\"2025-04-03 15:06:14\"}', '2025-04-03 08:06:14'),
(810, 33, 'view_dashboard', '{\"time\":\"2025-04-03 15:06:14\"}', '2025-04-03 08:06:14'),
(811, 18, 'login', '{\"username\":\"Nguy\\u1ec5n Vi\\u1ec7t H\\u00f9ng\",\"success\":true,\"ip\":\"27.72.28.80\",\"time\":\"2025-04-03 15:19:13\"}', '2025-04-03 08:19:13'),
(812, 18, 'view_dashboard', '{\"time\":\"2025-04-03 15:19:14\"}', '2025-04-03 08:19:14'),
(813, 18, 'view_profile', '[]', '2025-04-03 08:19:23'),
(814, 18, 'view_profile', '[]', '2025-04-03 08:21:06'),
(815, 18, 'edit_profile', '{\"email\":\"trieuyhod@gmail.com\",\"password\":\"changed\"}', '2025-04-03 08:21:06'),
(816, 18, 'view_dashboard', '{\"time\":\"2025-04-03 15:21:10\"}', '2025-04-03 08:21:10'),
(817, 2, 'login', '{\"username\":\"trieuthiduong\",\"success\":true,\"ip\":\"27.72.103.187\",\"time\":\"2025-04-03 15:24:30\"}', '2025-04-03 08:24:30'),
(818, 2, 'view_dashboard', '{\"time\":\"2025-04-03 15:24:30\"}', '2025-04-03 08:24:30'),
(819, 2, 'login', '{\"username\":\"trieuthiduong\",\"success\":true,\"ip\":\"27.72.103.187\",\"time\":\"2025-04-03 17:00:18\"}', '2025-04-03 10:00:18'),
(820, 2, 'view_dashboard', '{\"time\":\"2025-04-03 17:00:18\"}', '2025-04-03 10:00:18'),
(821, 18, 'login', '{\"username\":\"Nguy\\u1ec5n Vi\\u1ec7t H\\u00f9ng\",\"success\":true,\"ip\":\"27.72.98.210\",\"time\":\"2025-04-03 17:31:00\"}', '2025-04-03 10:31:00'),
(822, 18, 'view_dashboard', '{\"time\":\"2025-04-03 17:31:00\"}', '2025-04-03 10:31:00'),
(823, 18, 'create_fb_order', '{\"time\":\"2025-04-03 17:33:53\",\"order_id\":\"10\",\"details\":{\"fb_config_id\":\"26\",\"quantity\":2,\"source_id\":3,\"notification\":\"\"}}', '2025-04-03 10:33:53'),
(824, 1, 'login', '{\"username\":\"admin\",\"success\":true,\"ip\":\"42.118.45.239\",\"time\":\"2025-04-03 21:21:50\"}', '2025-04-03 14:21:50'),
(825, 1, 'view_dashboard', '{\"time\":\"2025-04-03 21:21:51\"}', '2025-04-03 14:21:51'),
(826, 1, 'view_profile', '[]', '2025-04-03 14:22:17'),
(827, 1, 'login', '{\"username\":\"admin\",\"success\":true,\"ip\":\"42.118.45.239\",\"time\":\"2025-04-03 22:40:01\"}', '2025-04-03 15:40:01'),
(828, 1, 'view_dashboard', '{\"time\":\"2025-04-03 22:40:01\"}', '2025-04-03 15:40:01'),
(829, 0, 'login', '{\"username\":\"test\",\"success\":false,\"ip\":\"42.118.45.239\",\"time\":\"2025-04-03 22:57:57\"}', '2025-04-03 15:57:57'),
(830, 1, 'view_profile', '[]', '2025-04-03 15:58:04'),
(831, 21, 'login', '{\"username\":\"test\",\"success\":true,\"ip\":\"42.118.45.239\",\"time\":\"2025-04-03 22:58:36\"}', '2025-04-03 15:58:36'),
(832, 21, 'view_dashboard', '{\"time\":\"2025-04-03 22:58:37\"}', '2025-04-03 15:58:37'),
(833, 21, 'view_dashboard', '{\"time\":\"2025-04-03 22:59:08\"}', '2025-04-03 15:59:08'),
(834, 21, 'view_dashboard', '{\"time\":\"2025-04-03 22:59:53\"}', '2025-04-03 15:59:53'),
(835, 21, 'view_dashboard', '{\"time\":\"2025-04-03 23:01:51\"}', '2025-04-03 16:01:51'),
(836, 21, 'view_dashboard', '{\"time\":\"2025-04-03 23:03:56\"}', '2025-04-03 16:03:56'),
(837, 21, 'logout', '{\"time\":\"2025-04-03 23:07:47\",\"ip\":\"42.118.45.239\"}', '2025-04-03 16:07:47'),
(838, 21, 'login', '{\"username\":\"test\",\"success\":true,\"ip\":\"42.118.45.239\",\"time\":\"2025-04-03 23:08:09\"}', '2025-04-03 16:08:09'),
(839, 21, 'view_dashboard', '{\"time\":\"2025-04-03 23:08:17\"}', '2025-04-03 16:08:17'),
(840, 21, 'view_dashboard', '{\"time\":\"2025-04-03 23:09:39\"}', '2025-04-03 16:09:39'),
(841, 21, 'view_dashboard', '{\"time\":\"2025-04-03 23:10:21\"}', '2025-04-03 16:10:21'),
(842, 1, 'view_dashboard', '{\"time\":\"2025-04-03 23:20:27\"}', '2025-04-03 16:20:27'),
(843, 21, 'view_dashboard', '{\"time\":\"2025-04-03 23:31:13\"}', '2025-04-03 16:31:13'),
(844, 21, 'logout', '{\"time\":\"2025-04-03 23:31:31\",\"ip\":\"42.118.45.239\"}', '2025-04-03 16:31:31'),
(845, 21, 'login', '{\"username\":\"test\",\"success\":true,\"ip\":\"42.118.45.239\",\"time\":\"2025-04-03 23:31:37\"}', '2025-04-03 16:31:37'),
(846, 21, 'view_dashboard', '{\"time\":\"2025-04-03 23:31:37\"}', '2025-04-03 16:31:37'),
(847, 21, 'logout', '{\"time\":\"2025-04-03 23:31:43\",\"ip\":\"42.118.45.239\"}', '2025-04-03 16:31:43'),
(848, 0, 'login', '{\"username\":\"test\",\"success\":false,\"ip\":\"42.118.45.239\",\"time\":\"2025-04-03 23:31:58\"}', '2025-04-03 16:31:58'),
(849, 21, 'login', '{\"username\":\"test\",\"success\":true,\"ip\":\"42.118.45.239\",\"time\":\"2025-04-03 23:32:03\"}', '2025-04-03 16:32:03'),
(850, 21, 'view_dashboard', '{\"time\":\"2025-04-03 23:32:03\"}', '2025-04-03 16:32:03'),
(851, 18, 'login', '{\"username\":\"Nguy\\u1ec5n Vi\\u1ec7t H\\u00f9ng\",\"success\":true,\"ip\":\"27.72.28.80\",\"time\":\"2025-04-04 08:33:22\"}', '2025-04-04 01:33:22'),
(852, 18, 'view_dashboard', '{\"time\":\"2025-04-04 08:33:22\"}', '2025-04-04 01:33:22'),
(853, 1, 'login', '{\"username\":\"admin\",\"success\":true,\"ip\":\"42.118.45.239\",\"time\":\"2025-04-04 08:48:31\"}', '2025-04-04 01:48:31'),
(854, 1, 'view_dashboard', '{\"time\":\"2025-04-04 08:48:43\"}', '2025-04-04 01:48:43'),
(855, 2, 'login', '{\"username\":\"trieuthiduong\",\"success\":true,\"ip\":\"27.72.103.187\",\"time\":\"2025-04-04 08:55:39\"}', '2025-04-04 01:55:39'),
(856, 2, 'view_dashboard', '{\"time\":\"2025-04-04 08:55:41\"}', '2025-04-04 01:55:41'),
(857, 49, 'login', '{\"username\":\"Tr\\u1ea7n Th\\u1ecb Th\\u1ea3o (BO)\",\"success\":true,\"ip\":\"27.72.103.187\",\"time\":\"2025-04-04 09:00:57\"}', '2025-04-04 02:00:57'),
(858, 49, 'view_dashboard', '{\"time\":\"2025-04-04 09:00:57\"}', '2025-04-04 02:00:57'),
(859, 18, 'login', '{\"username\":\"Nguy\\u1ec5n Vi\\u1ec7t H\\u00f9ng\",\"success\":true,\"ip\":\"27.72.28.80\",\"time\":\"2025-04-04 09:12:27\"}', '2025-04-04 02:12:27'),
(860, 18, 'view_dashboard', '{\"time\":\"2025-04-04 09:12:27\"}', '2025-04-04 02:12:27'),
(861, 14, 'login', '{\"username\":\"V\\u0169 Ng\\u1ecdc \\u0110\\u1ee9c\",\"success\":true,\"ip\":\"27.72.98.92\",\"time\":\"2025-04-04 09:15:29\"}', '2025-04-04 02:15:29'),
(862, 14, 'view_dashboard', '{\"time\":\"2025-04-04 09:15:30\"}', '2025-04-04 02:15:30'),
(863, 2, 'login', '{\"username\":\"trieuthiduong\",\"success\":true,\"ip\":\"27.72.103.187\",\"time\":\"2025-04-04 09:36:07\"}', '2025-04-04 02:36:07'),
(864, 2, 'view_dashboard', '{\"time\":\"2025-04-04 09:36:07\"}', '2025-04-04 02:36:07'),
(865, 2, 'update_fb_order_status', '{\"time\":\"2025-04-04 09:49:29\",\"order_id\":6,\"details\":{\"old_status\":\"Pending\",\"new_status\":\"Pending\",\"notification\":\"v\\u1eabn ph\\u1ea3i ngon m\\u1edbi \\u0111\\u01b0\\u1ee3c \\u0111\\u01b0a cho em \\u0111\\u00f3\"}}', '2025-04-04 02:49:29'),
(866, 2, 'update_fb_order_status', '{\"time\":\"2025-04-04 09:57:34\",\"order_id\":6,\"details\":{\"old_status\":\"Pending\",\"new_status\":\"Pending\",\"notification\":\"v\\u1eabn ph\\u1ea3i ngon m\\u1edbi \\u0111\\u01b0\\u1ee3c \\u0111\\u01b0a cho em \\u0111\\u00f3\"}}', '2025-04-04 02:57:34'),
(867, 18, 'login', '{\"username\":\"Nguy\\u1ec5n Vi\\u1ec7t H\\u00f9ng\",\"success\":true,\"ip\":\"27.72.28.80\",\"time\":\"2025-04-04 10:12:08\"}', '2025-04-04 03:12:08'),
(868, 18, 'view_dashboard', '{\"time\":\"2025-04-04 10:12:08\"}', '2025-04-04 03:12:08'),
(869, 2, 'update_fb_order_status', '{\"time\":\"2025-04-04 10:16:00\",\"order_id\":10,\"details\":{\"old_status\":\"Pending\",\"new_status\":\"Processed\",\"notification\":\"\"}}', '2025-04-04 03:16:00'),
(870, 2, 'update_fb_order_status', '{\"time\":\"2025-04-04 10:16:07\",\"order_id\":6,\"details\":{\"old_status\":\"Pending\",\"new_status\":\"Processed\",\"notification\":\"v\\u1eabn ph\\u1ea3i ngon m\\u1edbi \\u0111\\u01b0\\u1ee3c \\u0111\\u01b0a cho em \\u0111\\u00f3\"}}', '2025-04-04 03:16:07'),
(871, 2, 'update_fb_order_status', '{\"time\":\"2025-04-04 10:16:29\",\"order_id\":9,\"details\":{\"old_status\":\"Pending\",\"new_status\":\"Processed\",\"notification\":\"\"}}', '2025-04-04 03:16:29'),
(872, 1, 'login', '{\"username\":\"admin\",\"success\":true,\"ip\":\"42.118.45.239\",\"time\":\"2025-04-04 10:17:02\"}', '2025-04-04 03:17:02'),
(873, 1, 'view_dashboard', '{\"time\":\"2025-04-04 10:17:02\"}', '2025-04-04 03:17:02'),
(874, 1, 'view_dashboard', '{\"time\":\"2025-04-04 10:17:07\"}', '2025-04-04 03:17:07'),
(875, 1, 'view_dashboard', '{\"time\":\"2025-04-04 10:17:11\"}', '2025-04-04 03:17:11'),
(876, 1, 'view_dashboard', '{\"time\":\"2025-04-04 10:21:19\"}', '2025-04-04 03:21:19'),
(877, 1, 'view_dashboard', '{\"time\":\"2025-04-04 10:21:23\"}', '2025-04-04 03:21:23'),
(878, 1, 'logout', '{\"time\":\"2025-04-04 10:21:27\",\"ip\":\"42.118.45.239\"}', '2025-04-04 03:21:27'),
(879, 1, 'login', '{\"username\":\"admin\",\"success\":true,\"ip\":\"42.118.45.239\",\"time\":\"2025-04-04 10:21:51\"}', '2025-04-04 03:21:51'),
(880, 1, 'view_dashboard', '{\"time\":\"2025-04-04 10:21:51\"}', '2025-04-04 03:21:51'),
(881, 1, 'view_dashboard', '{\"time\":\"2025-04-04 10:21:55\"}', '2025-04-04 03:21:55'),
(882, 18, 'view_profile', '[]', '2025-04-04 03:25:57'),
(883, 18, 'view_dashboard', '{\"time\":\"2025-04-04 10:26:00\"}', '2025-04-04 03:26:00'),
(884, 1, 'view_dashboard', '{\"time\":\"2025-04-04 10:26:52\"}', '2025-04-04 03:26:52'),
(885, 19, 'login', '{\"username\":\"Nguy\\u1ec5n Ng\\u1ecdc T\\u00f9ng\",\"success\":true,\"ip\":\"27.72.98.92\",\"time\":\"2025-04-04 10:46:21\"}', '2025-04-04 03:46:21'),
(886, 19, 'view_dashboard', '{\"time\":\"2025-04-04 10:46:21\"}', '2025-04-04 03:46:21'),
(887, 19, 'view_dashboard', '{\"time\":\"2025-04-04 10:46:29\"}', '2025-04-04 03:46:29'),
(888, 1, 'view_dashboard', '{\"time\":\"2025-04-04 10:47:12\"}', '2025-04-04 03:47:12'),
(889, 18, 'view_profile', '[]', '2025-04-04 03:47:38'),
(890, 1, 'view_dashboard', '{\"time\":\"2025-04-04 10:47:42\"}', '2025-04-04 03:47:42'),
(891, 1, 'view_dashboard', '{\"time\":\"2025-04-04 10:51:06\"}', '2025-04-04 03:51:06'),
(892, 1, 'logout', '{\"time\":\"2025-04-04 10:51:08\",\"ip\":\"42.118.45.239\"}', '2025-04-04 03:51:08'),
(893, 2, 'update_fb_order_status', '{\"time\":\"2025-04-04 10:52:21\",\"order_id\":6,\"details\":{\"old_status\":\"Processed\",\"new_status\":\"Processed\",\"notification\":\"v\\u1eabn ph\\u1ea3i ngon m\\u1edbi \\u0111\\u01b0\\u1ee3c \\u0111\\u01b0a cho em \\u0111\\u00f3\"}}', '2025-04-04 03:52:21'),
(894, 19, 'view_dashboard', '{\"time\":\"2025-04-04 10:52:51\"}', '2025-04-04 03:52:51'),
(895, 1, 'login', '{\"username\":\"admin\",\"success\":true,\"ip\":\"42.118.45.239\",\"time\":\"2025-04-04 10:53:18\"}', '2025-04-04 03:53:18'),
(896, 1, 'view_dashboard', '{\"time\":\"2025-04-04 10:53:18\"}', '2025-04-04 03:53:18'),
(897, 1, 'logout', '{\"time\":\"2025-04-04 10:53:20\",\"ip\":\"42.118.45.239\"}', '2025-04-04 03:53:20'),
(898, 2, 'update_fb_order_status', '{\"time\":\"2025-04-04 10:59:35\",\"order_id\":10,\"details\":{\"old_status\":\"Processed\",\"new_status\":\"Processed\",\"notification\":\"\"}}', '2025-04-04 03:59:35'),
(899, 2, 'update_fb_order_status', '{\"time\":\"2025-04-04 11:04:04\",\"order_id\":10,\"details\":{\"old_status\":\"Processed\",\"new_status\":\"Processed\",\"notification\":\"\"}}', '2025-04-04 04:04:04'),
(900, 1, 'login', '{\"username\":\"admin\",\"success\":true,\"ip\":\"42.118.45.239\",\"time\":\"2025-04-04 11:30:06\"}', '2025-04-04 04:30:06'),
(901, 1, 'view_dashboard', '{\"time\":\"2025-04-04 11:30:06\"}', '2025-04-04 04:30:06'),
(902, 1, 'view_dashboard', '{\"time\":\"2025-04-04 11:30:15\"}', '2025-04-04 04:30:15'),
(903, 19, 'login', '{\"username\":\"Nguy\\u1ec5n Ng\\u1ecdc T\\u00f9ng\",\"success\":true,\"ip\":\"27.72.98.210\",\"time\":\"2025-04-04 13:39:30\"}', '2025-04-04 06:39:30'),
(904, 19, 'view_dashboard', '{\"time\":\"2025-04-04 13:39:30\"}', '2025-04-04 06:39:30'),
(905, 19, 'create_fb_order', '{\"time\":\"2025-04-04 13:39:49\",\"order_id\":\"11\",\"details\":{\"fb_config_id\":\"35\",\"quantity\":1,\"source_id\":1,\"notification\":\"\"}}', '2025-04-04 06:39:49'),
(906, 0, 'login', '{\"username\":\"TTKS-Hoa@12345\",\"success\":false,\"ip\":\"27.72.103.187\",\"time\":\"2025-04-04 13:51:19\"}', '2025-04-04 06:51:19'),
(907, 50, 'login', '{\"username\":\"TTKS\",\"success\":true,\"ip\":\"27.72.103.187\",\"time\":\"2025-04-04 13:51:37\"}', '2025-04-04 06:51:37'),
(908, 50, 'view_dashboard', '{\"time\":\"2025-04-04 13:51:38\"}', '2025-04-04 06:51:38'),
(909, 2, 'login', '{\"username\":\"trieuthiduong\",\"success\":true,\"ip\":\"27.72.103.187\",\"time\":\"2025-04-04 13:54:57\"}', '2025-04-04 06:54:57'),
(910, 2, 'view_dashboard', '{\"time\":\"2025-04-04 13:54:57\"}', '2025-04-04 06:54:57'),
(911, 52, 'login', '{\"username\":\"DAQT\",\"success\":true,\"ip\":\"27.72.103.187\",\"time\":\"2025-04-04 13:56:14\"}', '2025-04-04 06:56:14'),
(912, 52, 'view_dashboard', '{\"time\":\"2025-04-04 13:56:14\"}', '2025-04-04 06:56:14'),
(913, 52, 'create_order', '{\"time\":\"2025-04-04 13:56:37\",\"order_id\":\"24\",\"details\":{\"resource_type\":10,\"quantity\":1,\"source\":\"\"}}', '2025-04-04 06:56:37'),
(914, 2, 'update_order', '{\"time\":\"2025-04-04 13:57:10\",\"order_id\":\"24\",\"details\":{\"old_status\":null,\"new_status\":\"Pending\",\"quantity_returned\":null}}', '2025-04-04 06:57:10'),
(915, 2, 'update_order', '{\"time\":\"2025-04-04 13:57:16\",\"order_id\":\"24\",\"details\":{\"old_status\":null,\"new_status\":\"Processed\",\"quantity_returned\":null}}', '2025-04-04 06:57:16'),
(916, 2, 'update_order', '{\"time\":\"2025-04-04 14:20:00\",\"order_id\":\"24\",\"details\":{\"old_status\":null,\"new_status\":\"Processed\",\"quantity_returned\":null}}', '2025-04-04 07:20:00'),
(917, 2, 'update_order', '{\"time\":\"2025-04-04 14:20:27\",\"order_id\":\"21\",\"details\":{\"old_status\":null,\"new_status\":\"Processed\",\"quantity_returned\":null}}', '2025-04-04 07:20:27'),
(918, 37, 'login', '{\"username\":\"HKD HI\\u1ebeU PH\\u00c1T\",\"success\":true,\"ip\":\"27.72.103.187\",\"time\":\"2025-04-04 14:53:22\"}', '2025-04-04 07:53:22'),
(919, 37, 'view_dashboard', '{\"time\":\"2025-04-04 14:53:22\"}', '2025-04-04 07:53:22'),
(920, 37, 'create_order', '{\"time\":\"2025-04-04 14:53:49\",\"order_id\":\"25\",\"details\":{\"resource_type\":6,\"quantity\":1,\"source\":\"\"}}', '2025-04-04 07:53:49'),
(921, 2, 'update_order', '{\"time\":\"2025-04-04 14:54:25\",\"order_id\":\"25\",\"details\":{\"old_status\":null,\"new_status\":\"Pending\",\"quantity_returned\":null}}', '2025-04-04 07:54:25'),
(922, 2, 'update_order', '{\"time\":\"2025-04-04 14:54:29\",\"order_id\":\"25\",\"details\":{\"old_status\":null,\"new_status\":\"Processed\",\"quantity_returned\":null}}', '2025-04-04 07:54:29'),
(923, 1, 'login', '{\"username\":\"admin\",\"success\":true,\"ip\":\"42.118.45.239\",\"time\":\"2025-04-04 15:15:20\"}', '2025-04-04 08:15:20'),
(924, 1, 'view_dashboard', '{\"time\":\"2025-04-04 15:15:20\"}', '2025-04-04 08:15:20'),
(925, 1, 'view_logs', '{\"time\":\"2025-04-04 15:15:33\",\"filters\":{\"user_id\":0,\"action\":\"\",\"start_date\":\"\",\"end_date\":\"\"},\"page\":1}', '2025-04-04 08:15:33'),
(926, 1, 'view_logs', '{\"time\":\"2025-04-04 15:16:01\",\"filters\":{\"user_id\":0,\"action\":\"\",\"start_date\":\"2025-04-02\",\"end_date\":\"2025-04-02\"},\"page\":1}', '2025-04-04 08:16:01'),
(927, 1, 'view_logs', '{\"time\":\"2025-04-04 15:16:06\",\"filters\":{\"user_id\":0,\"action\":\"\",\"start_date\":\"2025-04-02\",\"end_date\":\"2025-04-03\"},\"page\":1}', '2025-04-04 08:16:06'),
(928, 1, 'view_logs', '{\"time\":\"2025-04-04 15:16:07\",\"filters\":{\"user_id\":0,\"action\":\"\",\"start_date\":\"2025-04-02\",\"end_date\":\"2025-04-03\"},\"page\":1}', '2025-04-04 08:16:07'),
(929, 1, 'view_logs', '{\"time\":\"2025-04-04 15:16:11\",\"filters\":{\"user_id\":0,\"action\":\"\",\"start_date\":\"2025-04-01\",\"end_date\":\"2025-04-03\"},\"page\":1}', '2025-04-04 08:16:11'),
(930, 1, 'view_logs', '{\"time\":\"2025-04-04 15:16:14\",\"filters\":{\"user_id\":0,\"action\":\"\",\"start_date\":\"2025-04-01\",\"end_date\":\"2025-04-04\"},\"page\":1}', '2025-04-04 08:16:14'),
(931, 1, 'view_logs', '{\"time\":\"2025-04-04 15:16:23\",\"filters\":{\"user_id\":0,\"action\":\"\",\"start_date\":\"2025-04-01\",\"end_date\":\"2025-04-04\"},\"page\":1}', '2025-04-04 08:16:23'),
(932, 1, 'view_logs', '{\"time\":\"2025-04-04 15:16:26\",\"filters\":{\"user_id\":0,\"action\":\"\",\"start_date\":\"\",\"end_date\":\"\"},\"page\":1}', '2025-04-04 08:16:26'),
(933, 2, 'login', '{\"username\":\"trieuthiduong\",\"success\":true,\"ip\":\"27.72.103.187\",\"time\":\"2025-04-04 15:56:07\"}', '2025-04-04 08:56:07'),
(934, 2, 'view_dashboard', '{\"time\":\"2025-04-04 15:56:07\"}', '2025-04-04 08:56:07'),
(935, 2, 'view_resource_types', '{\"time\":\"2025-04-04 15:56:23\",\"page\":1}', '2025-04-04 08:56:23'),
(936, 2, 'add_resource_type', '{\"time\":\"2025-04-04 15:56:53\",\"resource_id\":\"18\",\"details\":{\"name\":\"buff folow Page\"}}', '2025-04-04 08:56:53'),
(937, 2, 'view_resource_types', '{\"time\":\"2025-04-04 15:56:53\",\"page\":1}', '2025-04-04 08:56:53'),
(938, 19, 'login', '{\"username\":\"Nguy\\u1ec5n Ng\\u1ecdc T\\u00f9ng\",\"success\":true,\"ip\":\"27.72.98.92\",\"time\":\"2025-04-04 15:57:43\"}', '2025-04-04 08:57:43'),
(939, 19, 'view_dashboard', '{\"time\":\"2025-04-04 15:57:43\"}', '2025-04-04 08:57:43'),
(940, 19, 'view_profile', '[]', '2025-04-04 08:57:51'),
(941, 19, 'view_profile', '[]', '2025-04-04 08:57:59'),
(942, 0, 'login', '{\"username\":\"admin\",\"success\":false,\"ip\":\"27.72.103.187\",\"time\":\"2025-04-04 15:59:21\"}', '2025-04-04 08:59:21'),
(943, 0, 'login', '{\"username\":\"admin\",\"success\":false,\"ip\":\"27.72.103.187\",\"time\":\"2025-04-04 15:59:26\"}', '2025-04-04 08:59:26'),
(944, 2, 'login', '{\"username\":\"trieuthiduong\",\"success\":true,\"ip\":\"27.72.103.187\",\"time\":\"2025-04-04 16:00:11\"}', '2025-04-04 09:00:11'),
(945, 2, 'view_dashboard', '{\"time\":\"2025-04-04 16:00:11\"}', '2025-04-04 09:00:11'),
(946, 2, 'view_profile', '[]', '2025-04-04 09:00:18'),
(947, 1, 'login', '{\"username\":\"admin\",\"success\":true,\"ip\":\"42.118.45.239\",\"time\":\"2025-04-04 16:00:36\"}', '2025-04-04 09:00:36'),
(948, 1, 'view_dashboard', '{\"time\":\"2025-04-04 16:00:36\"}', '2025-04-04 09:00:36'),
(949, 1, 'view_logs', '{\"time\":\"2025-04-04 16:00:39\",\"filters\":{\"user_id\":0,\"action\":\"\",\"start_date\":\"\",\"end_date\":\"\"},\"page\":1}', '2025-04-04 09:00:39'),
(950, 1, 'view_logs', '{\"time\":\"2025-04-04 16:01:23\",\"filters\":{\"user_id\":0,\"action\":\"\",\"start_date\":\"\",\"end_date\":\"\"},\"page\":1}', '2025-04-04 09:01:23'),
(951, 1, 'view_logs', '{\"time\":\"2025-04-04 16:02:32\",\"filters\":{\"user_id\":0,\"action\":\"\",\"start_date\":\"\",\"end_date\":\"\"},\"page\":1}', '2025-04-04 09:02:32'),
(952, 0, 'login', '{\"username\":\"LeraWin\",\"success\":false,\"ip\":\"27.72.98.210\",\"time\":\"2025-04-04 16:09:40\"}', '2025-04-04 09:09:40'),
(953, 0, 'login', '{\"username\":\"HKD LERA\",\"success\":false,\"ip\":\"27.72.98.210\",\"time\":\"2025-04-04 16:10:16\"}', '2025-04-04 09:10:16'),
(954, 0, 'login', '{\"username\":\"Lera\",\"success\":false,\"ip\":\"27.72.98.210\",\"time\":\"2025-04-04 16:10:24\"}', '2025-04-04 09:10:24'),
(955, 0, 'login', '{\"username\":\"HKD LERA\",\"success\":false,\"ip\":\"27.72.98.210\",\"time\":\"2025-04-04 16:10:43\"}', '2025-04-04 09:10:43'),
(956, 53, 'login', '{\"username\":\"HKD LERA\",\"success\":true,\"ip\":\"27.72.98.210\",\"time\":\"2025-04-04 16:12:42\"}', '2025-04-04 09:12:42'),
(957, 53, 'view_dashboard', '{\"time\":\"2025-04-04 16:12:42\"}', '2025-04-04 09:12:42'),
(958, 53, 'create_order', '{\"time\":\"2025-04-04 16:13:22\",\"order_id\":\"26\",\"details\":{\"resource_type\":18,\"quantity\":5000,\"source\":\"\\u0110\\u00e3 trao \\u0111\\u1ed5i trong nh\\u00f3m\"}}', '2025-04-04 09:13:22'),
(959, 53, 'view_dashboard', '{\"time\":\"2025-04-04 16:13:36\"}', '2025-04-04 09:13:36'),
(960, 2, 'update_order', '{\"time\":\"2025-04-04 16:18:41\",\"order_id\":\"26\",\"details\":{\"old_status\":null,\"new_status\":\"Processed\",\"quantity_returned\":null}}', '2025-04-04 09:18:41'),
(961, 1, 'login', '{\"username\":\"admin\",\"success\":true,\"ip\":\"42.118.45.239\",\"time\":\"2025-04-04 16:43:10\"}', '2025-04-04 09:43:10'),
(962, 1, 'view_dashboard', '{\"time\":\"2025-04-04 16:43:10\"}', '2025-04-04 09:43:10'),
(963, 1, 'view_logs', '{\"time\":\"2025-04-04 16:43:14\",\"filters\":{\"user_id\":0,\"action\":\"\",\"start_date\":\"\",\"end_date\":\"\"},\"page\":1}', '2025-04-04 09:43:14'),
(964, 1, 'view_dashboard', '{\"time\":\"2025-04-04 16:43:39\"}', '2025-04-04 09:43:39'),
(965, 1, 'view_dashboard', '{\"time\":\"2025-04-04 16:44:51\"}', '2025-04-04 09:44:51'),
(966, 1, 'view_dashboard', '{\"time\":\"2025-04-04 16:46:43\"}', '2025-04-04 09:46:43'),
(967, 1, 'view_dashboard', '{\"time\":\"2025-04-04 16:46:47\"}', '2025-04-04 09:46:47'),
(968, 1, 'view_profile', '[]', '2025-04-04 09:46:55'),
(969, 1, 'view_resource_types', '{\"time\":\"2025-04-04 16:49:31\",\"page\":1}', '2025-04-04 09:49:31'),
(970, 1, 'view_resource_types', '{\"time\":\"2025-04-04 16:49:33\",\"page\":2}', '2025-04-04 09:49:33'),
(971, 1, 'view_resource_types', '{\"time\":\"2025-04-04 16:49:35\",\"page\":2}', '2025-04-04 09:49:35');
INSERT INTO `logs` (`id`, `user_id`, `action`, `details`, `created_at`) VALUES
(972, 2, 'update_fb_order_status', '{\"time\":\"2025-04-04 17:01:46\",\"order_id\":11,\"details\":{\"old_status\":\"Pending\",\"new_status\":\"Pending\",\"notification\":\"\"}}', '2025-04-04 10:01:46'),
(973, 2, 'update_fb_order_status', '{\"time\":\"2025-04-04 17:01:50\",\"order_id\":11,\"details\":{\"old_status\":\"Pending\",\"new_status\":\"Processed\",\"notification\":\"\"}}', '2025-04-04 10:01:50'),
(974, 19, 'login', '{\"username\":\"Nguy\\u1ec5n Ng\\u1ecdc T\\u00f9ng\",\"success\":true,\"ip\":\"27.72.98.92\",\"time\":\"2025-04-04 17:11:45\"}', '2025-04-04 10:11:45'),
(975, 19, 'view_dashboard', '{\"time\":\"2025-04-04 17:11:45\"}', '2025-04-04 10:11:45'),
(976, 1, 'view_dashboard', '{\"time\":\"2025-04-04 18:49:33\"}', '2025-04-04 11:49:33'),
(977, 1, 'view_profile', '[]', '2025-04-04 11:51:00'),
(978, 1, 'view_profile', '[]', '2025-04-04 11:51:01'),
(979, 1, 'view_profile', '[]', '2025-04-04 11:52:41'),
(980, 1, 'view_dashboard', '{\"time\":\"2025-04-04 20:01:53\"}', '2025-04-04 13:01:53'),
(981, 1, 'view_dashboard', '{\"time\":\"2025-04-04 20:03:33\"}', '2025-04-04 13:03:33'),
(982, 1, 'view_profile', '[]', '2025-04-04 13:03:49'),
(983, 1, 'view_dashboard', '{\"time\":\"2025-04-04 23:05:47\"}', '2025-04-04 16:05:47'),
(984, 1, 'view_logs', '{\"time\":\"2025-04-04 23:05:58\",\"filters\":{\"user_id\":0,\"action\":\"\",\"start_date\":\"\",\"end_date\":\"\"},\"page\":1}', '2025-04-04 16:05:58'),
(985, 1, 'view_logs', '{\"time\":\"2025-04-04 23:06:01\",\"filters\":{\"user_id\":0,\"action\":\"\",\"start_date\":\"\",\"end_date\":\"\"},\"page\":2}', '2025-04-04 16:06:01'),
(986, 1, 'view_logs', '{\"time\":\"2025-04-04 23:06:08\",\"filters\":{\"user_id\":0,\"action\":\"\",\"start_date\":\"\",\"end_date\":\"\"},\"page\":3}', '2025-04-04 16:06:08'),
(987, 1, 'view_logs', '{\"time\":\"2025-04-04 23:06:09\",\"filters\":{\"user_id\":0,\"action\":\"\",\"start_date\":\"\",\"end_date\":\"\"},\"page\":4}', '2025-04-04 16:06:09'),
(988, 1, 'view_profile', '[]', '2025-04-04 16:06:13'),
(989, 1, 'view_logs', '{\"time\":\"2025-04-05 09:07:32\",\"filters\":{\"user_id\":0,\"action\":\"\",\"start_date\":\"\",\"end_date\":\"\"},\"page\":1}', '2025-04-05 02:07:32'),
(990, 1, 'view_logs', '{\"time\":\"2025-04-05 09:37:48\",\"filters\":{\"user_id\":0,\"action\":\"\",\"start_date\":\"\",\"end_date\":\"\"},\"page\":1}', '2025-04-05 02:37:48'),
(991, 2, 'login', '{\"username\":\"trieuthiduong\",\"success\":true,\"ip\":\"27.72.103.187\",\"time\":\"2025-04-05 09:57:00\"}', '2025-04-05 02:57:00'),
(992, 2, 'view_dashboard', '{\"time\":\"2025-04-05 09:57:00\"}', '2025-04-05 02:57:00'),
(993, 18, 'login', '{\"username\":\"Nguy\\u1ec5n Vi\\u1ec7t H\\u00f9ng\",\"success\":true,\"ip\":\"27.72.28.80\",\"time\":\"2025-04-05 10:56:45\"}', '2025-04-05 03:56:45'),
(994, 18, 'view_dashboard', '{\"time\":\"2025-04-05 10:56:45\"}', '2025-04-05 03:56:45'),
(995, 7, 'login', '{\"username\":\"V\\u0169 \\u0110\\u00ecnh Ho\\u00e0ng\",\"success\":true,\"ip\":\"27.72.98.92\",\"time\":\"2025-04-05 10:58:06\"}', '2025-04-05 03:58:06'),
(996, 7, 'view_dashboard', '{\"time\":\"2025-04-05 10:58:06\"}', '2025-04-05 03:58:06'),
(997, 2, 'login', '{\"username\":\"trieuthiduong\",\"success\":true,\"ip\":\"27.72.103.187\",\"time\":\"2025-04-05 13:45:55\"}', '2025-04-05 06:45:55'),
(998, 2, 'view_dashboard', '{\"time\":\"2025-04-05 13:45:55\"}', '2025-04-05 06:45:55'),
(999, 1, 'login', '{\"username\":\"admin\",\"success\":true,\"ip\":\"113.185.45.87\",\"time\":\"2025-04-05 21:41:10\"}', '2025-04-05 14:41:10'),
(1000, 1, 'view_dashboard', '{\"time\":\"2025-04-05 21:41:10\"}', '2025-04-05 14:41:10'),
(1001, 1, 'view_dashboard', '{\"time\":\"2025-04-06 14:29:19\"}', '2025-04-06 07:29:19'),
(1002, 1, 'view_profile', '[]', '2025-04-06 07:29:21'),
(1003, 18, 'login', '{\"username\":\"Nguy\\u1ec5n Vi\\u1ec7t H\\u00f9ng\",\"success\":true,\"ip\":\"27.72.28.80\",\"time\":\"2025-04-08 08:46:07\"}', '2025-04-08 01:46:07'),
(1004, 18, 'view_dashboard', '{\"time\":\"2025-04-08 08:46:07\"}', '2025-04-08 01:46:07'),
(1005, 0, 'login', '{\"username\":\"TTKS-Hoa@12345\",\"success\":false,\"ip\":\"27.72.103.187\",\"time\":\"2025-04-08 08:49:44\"}', '2025-04-08 01:49:44'),
(1006, 0, 'login', '{\"username\":\"TTKS-Hoa@12345\",\"success\":false,\"ip\":\"27.72.103.187\",\"time\":\"2025-04-08 08:50:02\"}', '2025-04-08 01:50:02'),
(1007, 0, 'login', '{\"username\":\"HKD TO\\u00c0N H\\u1ea2I\",\"success\":false,\"ip\":\"27.72.98.210\",\"time\":\"2025-04-08 08:52:54\"}', '2025-04-08 01:52:54'),
(1008, 0, 'login', '{\"username\":\"HKD TO\\u00c0N H\\u1ea2I\",\"success\":false,\"ip\":\"27.72.98.210\",\"time\":\"2025-04-08 08:53:15\"}', '2025-04-08 01:53:15'),
(1009, 29, 'login', '{\"username\":\"HKD TO\\u00c0N H\\u1ea2I\",\"success\":true,\"ip\":\"27.72.98.210\",\"time\":\"2025-04-08 08:54:10\"}', '2025-04-08 01:54:10'),
(1010, 29, 'view_dashboard', '{\"time\":\"2025-04-08 08:54:10\"}', '2025-04-08 01:54:10'),
(1011, 16, 'login', '{\"username\":\"L\\u00ea H\\u1eefu V\\u0169\",\"success\":true,\"ip\":\"27.72.28.80\",\"time\":\"2025-04-08 09:38:25\"}', '2025-04-08 02:38:25'),
(1012, 16, 'view_dashboard', '{\"time\":\"2025-04-08 09:38:25\"}', '2025-04-08 02:38:25'),
(1013, 16, 'create_fb_order', '{\"time\":\"2025-04-08 09:39:03\",\"order_id\":\"12\",\"details\":{\"fb_config_id\":\"38\",\"quantity\":2,\"source_id\":3,\"notification\":\"T\\u00e0i kho\\u1ea3n m\\u1edbi\"}}', '2025-04-08 02:39:03'),
(1014, 0, 'login', '{\"username\":\"admin\",\"success\":false,\"ip\":\"42.118.45.239\",\"time\":\"2025-04-08 10:45:15\"}', '2025-04-08 03:45:15'),
(1015, 1, 'login', '{\"username\":\"admin\",\"success\":true,\"ip\":\"42.118.45.239\",\"time\":\"2025-04-08 10:45:22\"}', '2025-04-08 03:45:22'),
(1016, 1, 'view_dashboard', '{\"time\":\"2025-04-08 10:45:22\"}', '2025-04-08 03:45:22'),
(1017, 1, 'view_logs', '{\"time\":\"2025-04-08 10:46:23\",\"filters\":{\"user_id\":0,\"action\":\"\",\"start_date\":\"\",\"end_date\":\"\"},\"page\":1}', '2025-04-08 03:46:23'),
(1018, 0, 'login', '{\"username\":\"L\\u00ea Anh T\\u00fa\",\"success\":false,\"ip\":\"27.72.98.210\",\"time\":\"2025-04-08 11:00:56\"}', '2025-04-08 04:00:56'),
(1019, 0, 'login', '{\"username\":\"trieuyhod@gmail.com\",\"success\":false,\"ip\":\"27.72.98.210\",\"time\":\"2025-04-08 11:01:10\"}', '2025-04-08 04:01:10'),
(1020, 0, 'login', '{\"username\":\"L\\u00ea Anh T\\u00fa\",\"success\":false,\"ip\":\"27.72.98.210\",\"time\":\"2025-04-08 11:02:16\"}', '2025-04-08 04:02:16'),
(1021, 0, 'login', '{\"username\":\"L\\u00ea Anh T\\u00fa\",\"success\":false,\"ip\":\"27.72.98.210\",\"time\":\"2025-04-08 11:02:34\"}', '2025-04-08 04:02:34'),
(1022, 33, 'login', '{\"username\":\"L\\u00ea Anh T\\u00fa\",\"success\":true,\"ip\":\"27.72.98.210\",\"time\":\"2025-04-08 11:02:42\"}', '2025-04-08 04:02:42'),
(1023, 33, 'view_dashboard', '{\"time\":\"2025-04-08 11:02:42\"}', '2025-04-08 04:02:42'),
(1024, 33, 'create_order', '{\"time\":\"2025-04-08 11:04:46\",\"order_id\":\"27\",\"details\":{\"resource_type\":9,\"quantity\":1,\"source\":\"Gia h\\u1ea1n\"}}', '2025-04-08 04:04:46'),
(1025, 0, 'login', '{\"username\":\"DATL\",\"success\":true,\"ip\":\"27.72.103.187\",\"time\":\"2025-04-08 11:07:13\"}', '2025-04-08 04:07:13'),
(1026, 0, 'view_dashboard', '{\"time\":\"2025-04-08 11:07:13\"}', '2025-04-08 04:07:13'),
(1027, 0, 'create_order', '{\"time\":\"2025-04-08 11:07:35\",\"order_id\":\"28\",\"details\":{\"resource_type\":1,\"quantity\":1,\"source\":\"\"}}', '2025-04-08 04:07:35'),
(1028, 16, 'view_dashboard', '{\"time\":\"2025-04-08 11:08:41\"}', '2025-04-08 04:08:41'),
(1029, 2, 'update_order', '{\"time\":\"2025-04-08 11:08:49\",\"order_id\":\"28\",\"details\":{\"old_status\":null,\"new_status\":\"Pending\",\"quantity_returned\":null}}', '2025-04-08 04:08:49'),
(1030, 2, 'update_order', '{\"time\":\"2025-04-08 11:08:53\",\"order_id\":\"28\",\"details\":{\"old_status\":null,\"new_status\":\"Processed\",\"quantity_returned\":null}}', '2025-04-08 04:08:53'),
(1031, 19, 'login', '{\"username\":\"Nguy\\u1ec5n Ng\\u1ecdc T\\u00f9ng\",\"success\":true,\"ip\":\"27.72.28.80\",\"time\":\"2025-04-08 11:37:11\"}', '2025-04-08 04:37:11'),
(1032, 19, 'view_dashboard', '{\"time\":\"2025-04-08 11:37:12\"}', '2025-04-08 04:37:12'),
(1033, 42, 'login', '{\"username\":\"HKD H\\u00d2A\",\"success\":true,\"ip\":\"27.72.98.210\",\"time\":\"2025-04-08 11:46:58\"}', '2025-04-08 04:46:58'),
(1034, 42, 'view_dashboard', '{\"time\":\"2025-04-08 11:46:58\"}', '2025-04-08 04:46:58'),
(1035, 19, 'create_fb_order', '{\"time\":\"2025-04-08 11:47:01\",\"order_id\":\"13\",\"details\":{\"fb_config_id\":\"39\",\"quantity\":1,\"source_id\":3,\"notification\":\"\"}}', '2025-04-08 04:47:01'),
(1036, 42, 'create_order', '{\"time\":\"2025-04-08 11:47:37\",\"order_id\":\"29\",\"details\":{\"resource_type\":3,\"quantity\":9,\"source\":\"Gmail Vi\\u1ec7t random 2015 \\u27bc 2017\"}}', '2025-04-08 04:47:37'),
(1037, 42, 'create_order', '{\"time\":\"2025-04-08 11:50:53\",\"order_id\":\"30\",\"details\":{\"resource_type\":3,\"quantity\":7,\"source\":\"Gmail Vi\\u1ec7t random 2018 \\u27bc 2019 mua tr\\u00ean https:\\/\\/gmailviet.net\\/\"}}', '2025-04-08 04:50:53'),
(1038, 2, 'update_order', '{\"time\":\"2025-04-08 11:59:27\",\"order_id\":\"30\",\"details\":{\"old_status\":null,\"new_status\":\"Pending\",\"quantity_returned\":null}}', '2025-04-08 04:59:27'),
(1039, 2, 'update_order', '{\"time\":\"2025-04-08 11:59:33\",\"order_id\":\"30\",\"details\":{\"old_status\":null,\"new_status\":\"Processed\",\"quantity_returned\":null}}', '2025-04-08 04:59:33'),
(1040, 2, 'update_order', '{\"time\":\"2025-04-08 12:00:10\",\"order_id\":\"29\",\"details\":{\"old_status\":null,\"new_status\":\"Pending\",\"quantity_returned\":null}}', '2025-04-08 05:00:10'),
(1041, 2, 'update_order', '{\"time\":\"2025-04-08 12:00:17\",\"order_id\":\"29\",\"details\":{\"old_status\":null,\"new_status\":\"Processed\",\"quantity_returned\":null}}', '2025-04-08 05:00:17'),
(1042, 1, 'login', '{\"username\":\"admin\",\"success\":true,\"ip\":\"42.118.45.239\",\"time\":\"2025-04-08 12:01:11\"}', '2025-04-08 05:01:11'),
(1043, 1, 'view_dashboard', '{\"time\":\"2025-04-08 12:01:11\"}', '2025-04-08 05:01:11'),
(1044, 1, 'view_dashboard', '{\"time\":\"2025-04-08 12:35:00\"}', '2025-04-08 05:35:00'),
(1045, 17, 'login', '{\"username\":\"Phan Thanh Nh\\u1ea5t\",\"success\":true,\"ip\":\"27.72.28.80\",\"time\":\"2025-04-08 13:42:45\"}', '2025-04-08 06:42:45'),
(1046, 17, 'view_dashboard', '{\"time\":\"2025-04-08 13:42:46\"}', '2025-04-08 06:42:46'),
(1047, 1, 'view_dashboard', '{\"time\":\"2025-04-08 13:46:10\"}', '2025-04-08 06:46:10'),
(1048, 1, 'view_logs', '{\"time\":\"2025-04-08 13:46:45\",\"filters\":{\"user_id\":0,\"action\":\"\",\"start_date\":\"\",\"end_date\":\"\"},\"page\":1}', '2025-04-08 06:46:45'),
(1049, 1, 'logout', '{\"time\":\"2025-04-08 13:50:41\",\"ip\":\"42.118.45.239\"}', '2025-04-08 06:50:41'),
(1050, 1, 'login', '{\"username\":\"admin\",\"success\":true,\"ip\":\"42.118.45.239\",\"time\":\"2025-04-08 13:50:43\"}', '2025-04-08 06:50:43'),
(1051, 1, 'view_dashboard', '{\"time\":\"2025-04-08 13:50:43\"}', '2025-04-08 06:50:43'),
(1052, 1, 'view_profile', '[]', '2025-04-08 06:51:09'),
(1053, 1, 'view_dashboard', '{\"time\":\"2025-04-08 13:51:45\"}', '2025-04-08 06:51:45'),
(1054, 0, 'login', '{\"username\":\"Tr\\u1ea7n Danh Cao\",\"success\":false,\"ip\":\"27.72.98.210\",\"time\":\"2025-04-08 14:06:37\"}', '2025-04-08 07:06:37'),
(1055, 0, 'login', '{\"username\":\"Tr\\u1ea7n Danh Cao\",\"success\":false,\"ip\":\"27.72.98.210\",\"time\":\"2025-04-08 14:06:57\"}', '2025-04-08 07:06:57'),
(1056, 0, 'login', '{\"username\":\"Tran Danh Cao\",\"success\":false,\"ip\":\"27.72.98.210\",\"time\":\"2025-04-08 14:07:11\"}', '2025-04-08 07:07:11'),
(1057, 0, 'login', '{\"username\":\"Tr\\u1ea7n Danh Cao\",\"success\":false,\"ip\":\"27.72.98.210\",\"time\":\"2025-04-08 14:07:28\"}', '2025-04-08 07:07:28'),
(1058, 0, 'login', '{\"username\":\"Tr\\u1ea7n Danh Cao\",\"success\":false,\"ip\":\"27.72.28.80\",\"time\":\"2025-04-08 14:11:15\"}', '2025-04-08 07:11:15'),
(1059, 0, 'login', '{\"username\":\"Tr\\u1ea7n Danh Cao\",\"success\":false,\"ip\":\"27.72.28.80\",\"time\":\"2025-04-08 14:11:29\"}', '2025-04-08 07:11:29'),
(1060, 0, 'logout', '{\"time\":\"2025-04-08 14:11:35\",\"ip\":\"27.72.103.187\"}', '2025-04-08 07:11:35'),
(1061, 0, 'login', '{\"username\":\"Tr\\u1ea7n Danh Cao\",\"success\":false,\"ip\":\"27.72.103.187\",\"time\":\"2025-04-08 14:11:48\"}', '2025-04-08 07:11:48'),
(1062, 0, 'login', '{\"username\":\"Tr\\u1ea7n Danh Cao\",\"success\":false,\"ip\":\"27.72.103.187\",\"time\":\"2025-04-08 14:13:27\"}', '2025-04-08 07:13:27'),
(1063, 1, 'view_dashboard', '{\"time\":\"2025-04-08 14:15:28\"}', '2025-04-08 07:15:28'),
(1064, 1, 'view_dashboard', '{\"time\":\"2025-04-08 14:17:57\"}', '2025-04-08 07:17:57'),
(1065, 1, 'view_dashboard', '{\"time\":\"2025-04-08 14:26:08\"}', '2025-04-08 07:26:08'),
(1066, 1, 'view_dashboard', '{\"time\":\"2025-04-08 14:26:26\"}', '2025-04-08 07:26:26'),
(1067, 1, 'view_dashboard', '{\"time\":\"2025-04-08 14:38:47\"}', '2025-04-08 07:38:47'),
(1068, 1, 'view_dashboard', '{\"time\":\"2025-04-08 14:45:27\"}', '2025-04-08 07:45:27'),
(1069, 1, 'view_dashboard', '{\"time\":\"2025-04-08 14:46:05\"}', '2025-04-08 07:46:05'),
(1070, 1, 'view_dashboard', '{\"time\":\"2025-04-08 14:46:09\"}', '2025-04-08 07:46:09'),
(1071, 1, 'view_dashboard', '{\"time\":\"2025-04-08 15:18:28\"}', '2025-04-08 08:18:28'),
(1072, 1, 'view_dashboard', '{\"time\":\"2025-04-08 15:18:30\"}', '2025-04-08 08:18:30'),
(1073, 0, 'login', '{\"username\":\"Tr\\u1ea7n Danh Cao\",\"success\":false,\"ip\":\"27.72.28.80\",\"time\":\"2025-04-08 15:21:02\"}', '2025-04-08 08:21:02'),
(1074, 2, 'view_dashboard', '{\"time\":\"2025-04-08 15:21:53\"}', '2025-04-08 08:21:53'),
(1075, 1, 'view_dashboard', '{\"time\":\"2025-04-08 16:04:06\"}', '2025-04-08 09:04:06'),
(1076, 1, 'create_order', '{\"time\":\"2025-04-08 16:04:28\",\"order_id\":\"31\",\"details\":{\"resource_type\":17,\"quantity\":1,\"source\":\"test\"}}', '2025-04-08 09:04:28'),
(1077, 1, 'create_fb_order', '{\"time\":\"2025-04-08 16:04:36\",\"order_id\":\"14\",\"details\":{\"fb_config_id\":\"40\",\"quantity\":1000,\"source_id\":3,\"notification\":\"test\"}}', '2025-04-08 09:04:36'),
(1078, 1, 'update_fb_order_status', '{\"time\":\"2025-04-08 16:04:42\",\"order_id\":14,\"details\":{\"old_status\":\"Pending\",\"new_status\":\"Pending\",\"notification\":\"test\"}}', '2025-04-08 09:04:42'),
(1079, 1, 'update_fb_order_status', '{\"time\":\"2025-04-08 16:04:48\",\"order_id\":14,\"details\":{\"old_status\":\"Pending\",\"new_status\":\"Pending\",\"notification\":\"test\"}}', '2025-04-08 09:04:48'),
(1080, 1, 'update_fb_order_status', '{\"time\":\"2025-04-08 16:04:59\",\"order_id\":14,\"details\":{\"old_status\":\"Pending\",\"new_status\":\"Processed\",\"notification\":\"test\"}}', '2025-04-08 09:04:59'),
(1081, 1, 'update_order', '{\"time\":\"2025-04-08 16:05:16\",\"order_id\":\"31\",\"details\":{\"old_status\":null,\"new_status\":\"Processed\",\"quantity_returned\":null}}', '2025-04-08 09:05:16'),
(1082, 1, 'update_order', '{\"time\":\"2025-04-08 16:05:26\",\"order_id\":\"31\",\"details\":{\"old_status\":null,\"new_status\":\"Processed\",\"quantity_returned\":null}}', '2025-04-08 09:05:26'),
(1083, 1, 'view_dashboard', '{\"time\":\"2025-04-08 16:07:25\"}', '2025-04-08 09:07:25'),
(1084, 1, 'view_profile', '[]', '2025-04-08 09:07:28'),
(1085, 1, 'view_dashboard', '{\"time\":\"2025-04-08 16:08:40\"}', '2025-04-08 09:08:40'),
(1086, 55, 'logout', '{\"time\":\"2025-04-08 16:08:46\",\"ip\":\"27.72.103.187\"}', '2025-04-08 09:08:46'),
(1087, 1, 'view_logs', '{\"time\":\"2025-04-08 16:08:48\",\"filters\":{\"user_id\":0,\"action\":\"\",\"start_date\":\"\",\"end_date\":\"\"},\"page\":1}', '2025-04-08 09:08:48'),
(1088, 0, 'login', '{\"username\":\"Tr\\u1ea7n Danh Cao\",\"success\":false,\"ip\":\"27.72.103.187\",\"time\":\"2025-04-08 16:08:53\"}', '2025-04-08 09:08:53'),
(1089, 1, 'view_logs', '{\"time\":\"2025-04-08 16:08:54\",\"filters\":{\"user_id\":0,\"action\":\"\",\"start_date\":\"\",\"end_date\":\"\"},\"page\":2}', '2025-04-08 09:08:54'),
(1090, 1, 'view_logs', '{\"time\":\"2025-04-08 16:08:56\",\"filters\":{\"user_id\":0,\"action\":\"\",\"start_date\":\"\",\"end_date\":\"\"},\"page\":3}', '2025-04-08 09:08:56'),
(1091, 1, 'view_logs', '{\"time\":\"2025-04-08 16:08:58\",\"filters\":{\"user_id\":0,\"action\":\"\",\"start_date\":\"\",\"end_date\":\"\"},\"page\":2}', '2025-04-08 09:08:58'),
(1092, 55, 'login', '{\"username\":\"Tr\\u1ea7n Danh Cao\",\"success\":true,\"ip\":\"27.72.103.187\",\"time\":\"2025-04-08 16:09:33\"}', '2025-04-08 09:09:33'),
(1093, 55, 'view_dashboard', '{\"time\":\"2025-04-08 16:09:33\"}', '2025-04-08 09:09:33'),
(1094, 55, 'login', '{\"username\":\"Tr\\u1ea7n Danh Cao\",\"success\":true,\"ip\":\"27.72.28.80\",\"time\":\"2025-04-08 16:11:49\"}', '2025-04-08 09:11:49'),
(1095, 55, 'view_dashboard', '{\"time\":\"2025-04-08 16:11:49\"}', '2025-04-08 09:11:49'),
(1096, 55, 'create_fb_order', '{\"time\":\"2025-04-08 16:13:51\",\"order_id\":\"15\",\"details\":{\"fb_config_id\":\"44\",\"quantity\":2,\"source_id\":2,\"notification\":\"\"}}', '2025-04-08 09:13:51'),
(1097, 55, 'create_fb_order', '{\"time\":\"2025-04-08 16:14:26\",\"order_id\":\"16\",\"details\":{\"fb_config_id\":\"45\",\"quantity\":2,\"source_id\":2,\"notification\":\"\"}}', '2025-04-08 09:14:26'),
(1098, 1, 'view_dashboard', '{\"time\":\"2025-04-08 16:14:46\"}', '2025-04-08 09:14:46'),
(1099, 55, 'create_order', '{\"time\":\"2025-04-08 16:19:16\",\"order_id\":\"32\",\"details\":{\"resource_type\":1,\"quantity\":1,\"source\":\"via 902, xmdt th\\u00ec t\\u1ed1t ^^\"}}', '2025-04-08 09:19:16'),
(1100, 2, 'update_order', '{\"time\":\"2025-04-08 16:50:11\",\"order_id\":\"32\",\"details\":{\"old_status\":null,\"new_status\":\"Processed\",\"quantity_returned\":null}}', '2025-04-08 09:50:11'),
(1101, 55, 'view_dashboard', '{\"time\":\"2025-04-08 16:51:03\"}', '2025-04-08 09:51:03'),
(1102, 55, 'view_dashboard', '{\"time\":\"2025-04-08 16:51:15\"}', '2025-04-08 09:51:15'),
(1103, 55, 'view_dashboard', '{\"time\":\"2025-04-08 16:59:22\"}', '2025-04-08 09:59:22'),
(1104, 2, 'update_order', '{\"time\":\"2025-04-08 17:02:35\",\"order_id\":\"32\",\"details\":{\"old_status\":null,\"new_status\":\"Processed\",\"quantity_returned\":null}}', '2025-04-08 10:02:35'),
(1105, 2, 'update_order', '{\"time\":\"2025-04-08 17:02:50\",\"order_id\":\"29\",\"details\":{\"old_status\":null,\"new_status\":\"Processed\",\"quantity_returned\":null}}', '2025-04-08 10:02:50'),
(1106, 2, 'update_order', '{\"time\":\"2025-04-08 17:03:00\",\"order_id\":\"30\",\"details\":{\"old_status\":null,\"new_status\":\"Processed\",\"quantity_returned\":null}}', '2025-04-08 10:03:00'),
(1107, 2, 'update_fb_order_status', '{\"time\":\"2025-04-08 17:06:26\",\"order_id\":16,\"details\":{\"old_status\":\"Pending\",\"new_status\":\"Processed\",\"notification\":\"\"}}', '2025-04-08 10:06:26'),
(1108, 2, 'update_fb_order_status', '{\"time\":\"2025-04-08 17:06:37\",\"order_id\":15,\"details\":{\"old_status\":\"Pending\",\"new_status\":\"Processed\",\"notification\":\"\"}}', '2025-04-08 10:06:37'),
(1109, 2, 'update_fb_order_status', '{\"time\":\"2025-04-08 17:08:52\",\"order_id\":15,\"details\":{\"old_status\":\"Processed\",\"new_status\":\"Processed\",\"notification\":\"\"}}', '2025-04-08 10:08:52'),
(1110, 55, 'view_dashboard', '{\"time\":\"2025-04-08 17:12:15\"}', '2025-04-08 10:12:15'),
(1111, 55, 'view_dashboard', '{\"time\":\"2025-04-08 17:14:54\"}', '2025-04-08 10:14:54'),
(1112, 55, 'view_dashboard', '{\"time\":\"2025-04-08 17:28:55\"}', '2025-04-08 10:28:55'),
(1113, 39, 'login', '{\"username\":\"Nguy\\u1ec5n V\\u0103n Gi\\u1edbi\",\"success\":true,\"ip\":\"27.72.98.210\",\"time\":\"2025-04-09 09:07:33\"}', '2025-04-09 02:07:33'),
(1114, 39, 'view_dashboard', '{\"time\":\"2025-04-09 09:07:33\"}', '2025-04-09 02:07:33'),
(1115, 39, 'create_order', '{\"time\":\"2025-04-09 09:08:37\",\"order_id\":\"33\",\"details\":{\"resource_type\":4,\"quantity\":5,\"source\":\"mail 2023: https:\\/\\/taphoammo.net\\/gian-hang\\/kenh-youtube-viet-co-2010-2022-khong-video-co-nguoi-dung-that-chua-qua-dich-vu_702881\"}}', '2025-04-09 02:08:37'),
(1116, 39, 'view_profile', '[]', '2025-04-09 02:09:15'),
(1117, 39, 'view_profile', '[]', '2025-04-09 02:09:17'),
(1118, 39, 'view_profile', '[]', '2025-04-09 02:10:00'),
(1119, 39, 'edit_profile', '{\"email\":\"trieuyhod@gmail.com\",\"password\":\"changed\"}', '2025-04-09 02:10:00'),
(1120, 39, 'view_profile', '[]', '2025-04-09 02:10:11'),
(1121, 39, 'view_dashboard', '{\"time\":\"2025-04-09 09:10:12\"}', '2025-04-09 02:10:12'),
(1122, 2, 'update_order', '{\"time\":\"2025-04-09 09:14:52\",\"order_id\":\"33\",\"details\":{\"old_status\":null,\"new_status\":\"Processed\",\"quantity_returned\":null}}', '2025-04-09 02:14:52'),
(1123, 38, 'login', '{\"username\":\"Ng\\u00f4 Xu\\u00e2n Tr\\u01b0\\u1eddng\",\"success\":true,\"ip\":\"27.72.98.92\",\"time\":\"2025-04-09 09:16:18\"}', '2025-04-09 02:16:18'),
(1124, 38, 'view_dashboard', '{\"time\":\"2025-04-09 09:16:18\"}', '2025-04-09 02:16:18'),
(1125, 38, 'view_profile', '[]', '2025-04-09 02:16:53'),
(1126, 38, 'view_profile', '[]', '2025-04-09 02:17:36'),
(1127, 38, 'edit_profile', '{\"email\":\"trieuyhod@gmail.com\",\"password\":\"changed\"}', '2025-04-09 02:17:37'),
(1128, 39, 'view_profile', '[]', '2025-04-09 02:20:10'),
(1129, 39, 'view_dashboard', '{\"time\":\"2025-04-09 09:20:10\"}', '2025-04-09 02:20:10'),
(1130, 39, 'view_profile', '[]', '2025-04-09 02:20:27'),
(1131, 39, 'view_dashboard', '{\"time\":\"2025-04-09 09:20:28\"}', '2025-04-09 02:20:28'),
(1132, 39, 'view_dashboard', '{\"time\":\"2025-04-09 09:20:33\"}', '2025-04-09 02:20:33'),
(1133, 39, 'view_profile', '[]', '2025-04-09 02:20:33'),
(1134, 39, 'view_dashboard', '{\"time\":\"2025-04-09 09:20:34\"}', '2025-04-09 02:20:34'),
(1135, 39, 'view_profile', '[]', '2025-04-09 02:20:56'),
(1136, 39, 'view_dashboard', '{\"time\":\"2025-04-09 09:21:37\"}', '2025-04-09 02:21:37'),
(1137, 39, 'view_dashboard', '{\"time\":\"2025-04-09 09:21:50\"}', '2025-04-09 02:21:50'),
(1138, 39, 'view_dashboard', '{\"time\":\"2025-04-09 09:21:52\"}', '2025-04-09 02:21:52'),
(1139, 39, 'view_profile', '[]', '2025-04-09 02:21:56'),
(1140, 39, 'view_dashboard', '{\"time\":\"2025-04-09 09:21:56\"}', '2025-04-09 02:21:56'),
(1141, 39, 'view_profile', '[]', '2025-04-09 02:22:11'),
(1142, 39, 'view_dashboard', '{\"time\":\"2025-04-09 09:22:11\"}', '2025-04-09 02:22:11'),
(1143, 39, 'view_profile', '[]', '2025-04-09 02:22:26'),
(1144, 39, 'view_dashboard', '{\"time\":\"2025-04-09 09:22:27\"}', '2025-04-09 02:22:27'),
(1145, 39, 'view_profile', '[]', '2025-04-09 02:22:58'),
(1146, 39, 'view_dashboard', '{\"time\":\"2025-04-09 09:23:57\"}', '2025-04-09 02:23:57'),
(1147, 33, 'login', '{\"username\":\"L\\u00ea Anh T\\u00fa\",\"success\":true,\"ip\":\"27.72.98.210\",\"time\":\"2025-04-09 09:32:09\"}', '2025-04-09 02:32:09'),
(1148, 33, 'view_dashboard', '{\"time\":\"2025-04-09 09:32:10\"}', '2025-04-09 02:32:10'),
(1149, 0, 'login', '{\"username\":\"Ho\\u00e0ng Trung Ki\\u00ean\",\"success\":false,\"ip\":\"27.72.98.210\",\"time\":\"2025-04-09 09:40:03\"}', '2025-04-09 02:40:03'),
(1150, 28, 'login', '{\"username\":\"Ho\\u00e0ng Trung Ki\\u00ean\",\"success\":true,\"ip\":\"27.72.98.210\",\"time\":\"2025-04-09 09:40:08\"}', '2025-04-09 02:40:08'),
(1151, 28, 'view_dashboard', '{\"time\":\"2025-04-09 09:40:08\"}', '2025-04-09 02:40:08'),
(1152, 28, 'create_order', '{\"time\":\"2025-04-09 09:41:21\",\"order_id\":\"34\",\"details\":{\"resource_type\":3,\"quantity\":5,\"source\":\"\"}}', '2025-04-09 02:41:21'),
(1153, 2, 'update_order', '{\"time\":\"2025-04-09 09:46:56\",\"order_id\":\"34\",\"details\":{\"old_status\":null,\"new_status\":\"Processed\",\"quantity_returned\":null}}', '2025-04-09 02:46:56'),
(1154, 33, 'login', '{\"username\":\"L\\u00ea Anh T\\u00fa\",\"success\":true,\"ip\":\"27.72.28.80\",\"time\":\"2025-04-09 13:40:39\"}', '2025-04-09 06:40:39'),
(1155, 33, 'view_dashboard', '{\"time\":\"2025-04-09 13:40:39\"}', '2025-04-09 06:40:39'),
(1156, 33, 'create_order', '{\"time\":\"2025-04-09 13:40:49\",\"order_id\":\"35\",\"details\":{\"resource_type\":7,\"quantity\":1,\"source\":\"\"}}', '2025-04-09 06:40:49'),
(1157, 37, 'login', '{\"username\":\"HKD HI\\u1ebeU PH\\u00c1T\",\"success\":true,\"ip\":\"27.72.28.80\",\"time\":\"2025-04-09 14:12:28\"}', '2025-04-09 07:12:28'),
(1158, 37, 'view_dashboard', '{\"time\":\"2025-04-09 14:12:28\"}', '2025-04-09 07:12:28'),
(1159, 37, 'view_dashboard', '{\"time\":\"2025-04-09 14:12:29\"}', '2025-04-09 07:12:29'),
(1160, 37, 'view_dashboard', '{\"time\":\"2025-04-09 14:13:03\"}', '2025-04-09 07:13:03'),
(1161, 37, 'view_dashboard', '{\"time\":\"2025-04-09 14:13:03\"}', '2025-04-09 07:13:03'),
(1162, 0, 'login', '{\"username\":\"trantuan10a9\",\"success\":false,\"ip\":\"27.72.28.80\",\"time\":\"2025-04-09 14:17:16\"}', '2025-04-09 07:17:16'),
(1163, 0, 'login', '{\"username\":\"anhtuan\",\"success\":false,\"ip\":\"27.72.28.80\",\"time\":\"2025-04-09 14:17:29\"}', '2025-04-09 07:17:29'),
(1164, 0, 'login', '{\"username\":\"trananhtuan2212\",\"success\":false,\"ip\":\"27.72.28.80\",\"time\":\"2025-04-09 14:17:45\"}', '2025-04-09 07:17:45'),
(1165, 0, 'login', '{\"username\":\"admn2250@gmail.com\",\"success\":false,\"ip\":\"27.72.28.80\",\"time\":\"2025-04-09 14:18:23\"}', '2025-04-09 07:18:23'),
(1166, 56, 'login', '{\"username\":\"Tr\\u1ea7n Anh Tu\\u1ea5n\",\"success\":true,\"ip\":\"27.72.98.210\",\"time\":\"2025-04-09 14:22:43\"}', '2025-04-09 07:22:43'),
(1167, 56, 'view_dashboard', '{\"time\":\"2025-04-09 14:22:43\"}', '2025-04-09 07:22:43'),
(1168, 56, 'create_order', '{\"time\":\"2025-04-09 14:23:23\",\"order_id\":\"36\",\"details\":{\"resource_type\":2,\"quantity\":1,\"source\":\"\"}}', '2025-04-09 07:23:23'),
(1169, 2, 'update_order', '{\"time\":\"2025-04-09 14:28:40\",\"order_id\":\"35\",\"details\":{\"old_status\":null,\"new_status\":\"Processed\",\"quantity_returned\":null}}', '2025-04-09 07:28:40'),
(1170, 2, 'update_order', '{\"time\":\"2025-04-09 14:29:10\",\"order_id\":\"35\",\"details\":{\"old_status\":null,\"new_status\":\"Processed\",\"quantity_returned\":null}}', '2025-04-09 07:29:10'),
(1171, 2, 'update_order', '{\"time\":\"2025-04-09 14:29:16\",\"order_id\":\"35\",\"details\":{\"old_status\":null,\"new_status\":\"Pending\",\"quantity_returned\":null}}', '2025-04-09 07:29:16'),
(1172, 2, 'update_order', '{\"time\":\"2025-04-09 14:29:43\",\"order_id\":\"36\",\"details\":{\"old_status\":null,\"new_status\":\"Processed\",\"quantity_returned\":null}}', '2025-04-09 07:29:43'),
(1173, 1, 'login', '{\"username\":\"admin\",\"success\":true,\"ip\":\"42.118.45.239\",\"time\":\"2025-04-09 15:24:59\"}', '2025-04-09 08:24:59'),
(1174, 1, 'view_dashboard', '{\"time\":\"2025-04-09 15:24:59\"}', '2025-04-09 08:24:59'),
(1175, 1, 'view_resource_types', '{\"time\":\"2025-04-09 15:26:54\",\"page\":1}', '2025-04-09 08:26:54'),
(1176, 19, 'login', '{\"username\":\"Nguy\\u1ec5n Ng\\u1ecdc T\\u00f9ng\",\"success\":true,\"ip\":\"42.114.39.165\",\"time\":\"2025-04-09 20:58:09\"}', '2025-04-09 13:58:09'),
(1177, 19, 'view_dashboard', '{\"time\":\"2025-04-09 20:58:09\"}', '2025-04-09 13:58:09'),
(1178, 2, 'update_order', '{\"time\":\"2025-04-10 09:26:54\",\"order_id\":\"35\",\"details\":{\"old_status\":null,\"new_status\":\"Rejected\",\"quantity_returned\":null}}', '2025-04-10 02:26:54'),
(1179, 5, 'login', '{\"username\":\"B\\u00f9i V\\u0103n Vui\",\"success\":true,\"ip\":\"27.72.98.210\",\"time\":\"2025-04-10 09:29:18\"}', '2025-04-10 02:29:18'),
(1180, 5, 'view_dashboard', '{\"time\":\"2025-04-10 09:29:18\"}', '2025-04-10 02:29:18'),
(1181, 5, 'create_order', '{\"time\":\"2025-04-10 09:33:23\",\"order_id\":\"37\",\"details\":{\"resource_type\":5,\"quantity\":5,\"source\":\"M\\u1ed7i con 320k, t\\u1ed5ng 1tr6. STK ng\\u00e2n h\\u00e0ng: 7420105941007 , MB bank\"}}', '2025-04-10 02:33:23'),
(1182, 24, 'login', '{\"username\":\"Tr\\u1ecbnh Kh\\u1eafc L\\u1ef1c\",\"success\":true,\"ip\":\"27.72.98.210\",\"time\":\"2025-04-10 09:38:24\"}', '2025-04-10 02:38:24'),
(1183, 24, 'view_dashboard', '{\"time\":\"2025-04-10 09:38:24\"}', '2025-04-10 02:38:24'),
(1184, 0, 'login', '{\"username\":\"Nguy\\u1ec5n Th\\u00e0nh \\u0110\\u00f4\",\"success\":false,\"ip\":\"27.72.98.92\",\"time\":\"2025-04-10 09:43:26\"}', '2025-04-10 02:43:26'),
(1185, 13, 'login', '{\"username\":\"Nguy\\u1ec5n Th\\u00e0nh \\u0110\\u00f4\",\"success\":true,\"ip\":\"27.72.98.92\",\"time\":\"2025-04-10 09:43:57\"}', '2025-04-10 02:43:57'),
(1186, 13, 'view_dashboard', '{\"time\":\"2025-04-10 09:43:57\"}', '2025-04-10 02:43:57'),
(1187, 13, 'view_profile', '[]', '2025-04-10 02:44:05'),
(1188, 13, 'create_order', '{\"time\":\"2025-04-10 09:47:47\",\"order_id\":\"38\",\"details\":{\"resource_type\":5,\"quantity\":2,\"source\":\"mail nh\\u1eadn tk : thanhdo1312@gmail.com\"}}', '2025-04-10 02:47:47'),
(1189, 24, 'view_profile', '[]', '2025-04-10 02:51:36'),
(1190, 24, 'view_dashboard', '{\"time\":\"2025-04-10 09:51:40\"}', '2025-04-10 02:51:40'),
(1191, 0, 'login', '{\"username\":\"Tr\\u1ea7n Th\\u1ecb Th\\u1ea3o(BO)\",\"success\":false,\"ip\":\"27.72.103.187\",\"time\":\"2025-04-10 10:05:22\"}', '2025-04-10 03:05:22'),
(1192, 0, 'login', '{\"username\":\"Tr\\u1ea7n Th\\u1ecb Th\\u1ea3o\",\"success\":false,\"ip\":\"27.72.103.187\",\"time\":\"2025-04-10 10:05:45\"}', '2025-04-10 03:05:45'),
(1193, 16, 'login', '{\"username\":\"L\\u00ea H\\u1eefu V\\u0169\",\"success\":true,\"ip\":\"27.72.28.80\",\"time\":\"2025-04-10 10:06:20\"}', '2025-04-10 03:06:20'),
(1194, 16, 'view_dashboard', '{\"time\":\"2025-04-10 10:06:20\"}', '2025-04-10 03:06:20'),
(1195, 0, 'login', '{\"username\":\"Tr\\u1ea7n Th\\u1ecb Th\\u1ea3o\",\"success\":false,\"ip\":\"27.72.103.187\",\"time\":\"2025-04-10 10:06:26\"}', '2025-04-10 03:06:26'),
(1196, 16, 'view_dashboard', '{\"time\":\"2025-04-10 10:06:35\"}', '2025-04-10 03:06:35'),
(1197, 16, 'view_dashboard', '{\"time\":\"2025-04-10 10:06:42\"}', '2025-04-10 03:06:42'),
(1198, 2, 'update_order', '{\"time\":\"2025-04-10 10:20:37\",\"order_id\":\"38\",\"details\":{\"old_status\":null,\"new_status\":\"Processed\",\"quantity_returned\":null}}', '2025-04-10 03:20:37'),
(1199, 2, 'update_order', '{\"time\":\"2025-04-10 10:23:24\",\"order_id\":\"37\",\"details\":{\"old_status\":null,\"new_status\":\"Processed\",\"quantity_returned\":null}}', '2025-04-10 03:23:24'),
(1200, 48, 'login', '{\"username\":\"Nguy\\u1ec5n H\\u1ea3i Anh\",\"success\":true,\"ip\":\"27.72.103.187\",\"time\":\"2025-04-10 10:26:49\"}', '2025-04-10 03:26:49'),
(1201, 48, 'view_dashboard', '{\"time\":\"2025-04-10 10:26:49\"}', '2025-04-10 03:26:49'),
(1202, 2, 'update_order', '{\"time\":\"2025-04-10 10:27:01\",\"order_id\":\"27\",\"details\":{\"old_status\":null,\"new_status\":\"Processed\",\"quantity_returned\":null}}', '2025-04-10 03:27:01'),
(1203, 0, 'login', '{\"username\":\"Tr\\u1ea7n Th\\u1ecb Th\\u1ea3o(BO)\",\"success\":false,\"ip\":\"27.72.103.187\",\"time\":\"2025-04-10 10:27:04\"}', '2025-04-10 03:27:04'),
(1204, 0, 'login', '{\"username\":\"Tr\\u1ea7n Th\\u1ecb Th\\u1ea3o(BO)\",\"success\":false,\"ip\":\"27.72.103.187\",\"time\":\"2025-04-10 10:27:47\"}', '2025-04-10 03:27:47'),
(1205, 49, 'login', '{\"username\":\"Tr\\u1ea7n Th\\u1ecb Th\\u1ea3o (BO)\",\"success\":true,\"ip\":\"27.72.103.187\",\"time\":\"2025-04-10 10:50:17\"}', '2025-04-10 03:50:17'),
(1206, 49, 'view_dashboard', '{\"time\":\"2025-04-10 10:50:17\"}', '2025-04-10 03:50:17'),
(1207, 49, 'create_order', '{\"time\":\"2025-04-10 10:50:56\",\"order_id\":\"39\",\"details\":{\"resource_type\":1,\"quantity\":2,\"source\":\"\"}}', '2025-04-10 03:50:56'),
(1208, 49, 'login', '{\"username\":\"Tr\\u1ea7n Th\\u1ecb Th\\u1ea3o (BO)\",\"success\":true,\"ip\":\"27.72.103.187\",\"time\":\"2025-04-10 11:09:54\"}', '2025-04-10 04:09:54'),
(1209, 49, 'view_dashboard', '{\"time\":\"2025-04-10 11:09:54\"}', '2025-04-10 04:09:54'),
(1210, 5, 'view_dashboard', '{\"time\":\"2025-04-10 11:11:34\"}', '2025-04-10 04:11:34'),
(1211, 5, 'view_dashboard', '{\"time\":\"2025-04-10 11:11:45\"}', '2025-04-10 04:11:45'),
(1212, 1, 'view_dashboard', '{\"time\":\"2025-04-10 11:49:30\"}', '2025-04-10 04:49:30'),
(1213, 1, 'view_resource_types', '{\"time\":\"2025-04-10 11:50:30\",\"page\":1}', '2025-04-10 04:50:30'),
(1214, 1, 'view_logs', '{\"time\":\"2025-04-10 11:50:40\",\"filters\":{\"user_id\":0,\"action\":\"\",\"start_date\":\"\",\"end_date\":\"\"},\"page\":1}', '2025-04-10 04:50:40'),
(1215, 1, 'view_dashboard', '{\"time\":\"2025-04-10 11:52:32\"}', '2025-04-10 04:52:32'),
(1216, 24, 'view_dashboard', '{\"time\":\"2025-04-10 13:39:59\"}', '2025-04-10 06:39:59'),
(1217, 24, 'create_order', '{\"time\":\"2025-04-10 13:40:35\",\"order_id\":\"40\",\"details\":{\"resource_type\":5,\"quantity\":1,\"source\":\"\"}}', '2025-04-10 06:40:35'),
(1218, 24, 'view_dashboard', '{\"time\":\"2025-04-10 13:57:16\"}', '2025-04-10 06:57:16'),
(1219, 24, 'view_profile', '[]', '2025-04-10 06:57:29'),
(1220, 24, 'view_dashboard', '{\"time\":\"2025-04-10 13:58:19\"}', '2025-04-10 06:58:19'),
(1221, 24, 'view_profile', '[]', '2025-04-10 06:59:31'),
(1222, 24, 'view_dashboard', '{\"time\":\"2025-04-10 13:59:32\"}', '2025-04-10 06:59:32'),
(1223, 24, 'view_profile', '[]', '2025-04-10 06:59:34'),
(1224, 24, 'view_profile', '[]', '2025-04-10 07:01:00'),
(1225, 24, 'view_dashboard', '{\"time\":\"2025-04-10 14:02:33\"}', '2025-04-10 07:02:33'),
(1226, 33, 'login', '{\"username\":\"L\\u00ea Anh T\\u00fa\",\"success\":true,\"ip\":\"27.72.98.210\",\"time\":\"2025-04-10 14:09:12\"}', '2025-04-10 07:09:12'),
(1227, 33, 'view_dashboard', '{\"time\":\"2025-04-10 14:09:12\"}', '2025-04-10 07:09:12'),
(1228, 33, 'create_fb_order', '{\"time\":\"2025-04-10 14:10:34\",\"order_id\":\"17\",\"details\":{\"fb_config_id\":\"49\",\"quantity\":1,\"source_id\":2,\"notification\":\"\"}}', '2025-04-10 07:10:34'),
(1229, 24, 'view_dashboard', '{\"time\":\"2025-04-10 14:42:38\"}', '2025-04-10 07:42:38'),
(1230, 2, 'update_order', '{\"time\":\"2025-04-10 14:42:56\",\"order_id\":\"40\",\"details\":{\"old_status\":null,\"new_status\":\"Processed\",\"quantity_returned\":null}}', '2025-04-10 07:42:56'),
(1231, 24, 'view_dashboard', '{\"time\":\"2025-04-10 14:43:08\"}', '2025-04-10 07:43:08'),
(1232, 2, 'update_order', '{\"time\":\"2025-04-10 14:49:58\",\"order_id\":\"39\",\"details\":{\"old_status\":null,\"new_status\":\"Processed\",\"quantity_returned\":null}}', '2025-04-10 07:49:58'),
(1233, 24, 'view_profile', '[]', '2025-04-10 07:58:54'),
(1234, 24, 'view_dashboard', '{\"time\":\"2025-04-10 14:58:57\"}', '2025-04-10 07:58:57'),
(1235, 29, 'login', '{\"username\":\"HKD TO\\u00c0N H\\u1ea2I\",\"success\":true,\"ip\":\"27.72.103.187\",\"time\":\"2025-04-10 15:04:47\"}', '2025-04-10 08:04:47'),
(1236, 29, 'view_dashboard', '{\"time\":\"2025-04-10 15:04:47\"}', '2025-04-10 08:04:47'),
(1237, 2, 'view_resource_types', '{\"time\":\"2025-04-10 15:05:15\",\"page\":1}', '2025-04-10 08:05:15'),
(1238, 2, 'add_resource_type', '{\"time\":\"2025-04-10 15:05:22\",\"resource_id\":\"0\",\"details\":{\"name\":\"BM\"}}', '2025-04-10 08:05:22'),
(1239, 2, 'view_resource_types', '{\"time\":\"2025-04-10 15:05:22\",\"page\":1}', '2025-04-10 08:05:22'),
(1240, 2, 'view_resource_types', '{\"time\":\"2025-04-10 15:05:58\",\"page\":1}', '2025-04-10 08:05:58'),
(1241, 1, 'view_dashboard', '{\"time\":\"2025-04-10 15:07:25\"}', '2025-04-10 08:07:25'),
(1242, 1, 'view_resource_types', '{\"time\":\"2025-04-10 15:07:41\",\"page\":1}', '2025-04-10 08:07:41'),
(1243, 1, 'view_resource_types', '{\"time\":\"2025-04-10 15:07:43\",\"page\":1}', '2025-04-10 08:07:43'),
(1244, 1, 'edit_resource_type', '{\"time\":\"2025-04-10 15:07:45\",\"resource_id\":0,\"details\":{\"name\":\"BM\"}}', '2025-04-10 08:07:45'),
(1245, 1, 'view_resource_types', '{\"time\":\"2025-04-10 15:07:45\",\"page\":1}', '2025-04-10 08:07:45'),
(1246, 1, 'view_resource_types', '{\"time\":\"2025-04-10 15:08:05\",\"page\":1}', '2025-04-10 08:08:05'),
(1247, 1, 'view_resource_types', '{\"time\":\"2025-04-10 15:08:07\",\"page\":1}', '2025-04-10 08:08:07'),
(1248, 1, 'edit_resource_type', '{\"time\":\"2025-04-10 15:08:21\",\"resource_id\":0,\"details\":{\"name\":\"BM FACEBOOK\"}}', '2025-04-10 08:08:21'),
(1249, 1, 'view_resource_types', '{\"time\":\"2025-04-10 15:08:21\",\"page\":1}', '2025-04-10 08:08:21'),
(1250, 1, 'create_order', '{\"time\":\"2025-04-10 15:08:34\",\"order_id\":\"41\",\"details\":{\"resource_type\":17,\"quantity\":1,\"source\":\"\"}}', '2025-04-10 08:08:34'),
(1251, 1, 'view_resource_types', '{\"time\":\"2025-04-10 15:08:39\",\"page\":1}', '2025-04-10 08:08:39'),
(1252, 1, 'delete_resource_type', '{\"time\":\"2025-04-10 15:08:42\",\"resource_id\":0,\"details\":{\"name\":\"BM FACEBOOK\"}}', '2025-04-10 08:08:42'),
(1253, 1, 'view_resource_types', '{\"time\":\"2025-04-10 15:08:42\",\"page\":1}', '2025-04-10 08:08:42'),
(1254, 1, 'add_resource_type', '{\"time\":\"2025-04-10 15:08:52\",\"resource_id\":\"0\",\"details\":{\"name\":\"BM FACEBOOK\"}}', '2025-04-10 08:08:52'),
(1255, 1, 'view_resource_types', '{\"time\":\"2025-04-10 15:08:52\",\"page\":1}', '2025-04-10 08:08:52'),
(1256, 1, 'view_resource_types', '{\"time\":\"2025-04-10 15:09:04\",\"page\":1}', '2025-04-10 08:09:04'),
(1257, 1, 'view_resource_types', '{\"time\":\"2025-04-10 15:09:37\",\"page\":1}', '2025-04-10 08:09:37'),
(1258, 1, 'edit_resource_type', '{\"time\":\"2025-04-10 15:09:39\",\"resource_id\":0,\"details\":{\"name\":\"Business Manager (BM)\"}}', '2025-04-10 08:09:39'),
(1259, 1, 'view_resource_types', '{\"time\":\"2025-04-10 15:09:39\",\"page\":1}', '2025-04-10 08:09:39'),
(1260, 1, 'create_order', '{\"time\":\"2025-04-10 15:09:55\",\"order_id\":\"42\",\"details\":{\"resource_type\":13,\"quantity\":1,\"source\":\"\"}}', '2025-04-10 08:09:55'),
(1261, 29, 'create_order', '{\"time\":\"2025-04-10 15:12:27\",\"order_id\":\"43\",\"details\":{\"resource_type\":13,\"quantity\":1,\"source\":\"\"}}', '2025-04-10 08:12:27'),
(1262, 2, 'update_order', '{\"time\":\"2025-04-10 15:12:51\",\"order_id\":\"42\",\"details\":{\"old_status\":null,\"new_status\":\"Rejected\",\"quantity_returned\":null}}', '2025-04-10 08:12:51'),
(1263, 2, 'update_order', '{\"time\":\"2025-04-10 15:12:58\",\"order_id\":\"41\",\"details\":{\"old_status\":null,\"new_status\":\"Rejected\",\"quantity_returned\":null}}', '2025-04-10 08:12:58'),
(1264, 1, 'view_dashboard', '{\"time\":\"2025-04-10 15:14:01\"}', '2025-04-10 08:14:01'),
(1265, 1, 'view_dashboard', '{\"time\":\"2025-04-10 15:14:01\"}', '2025-04-10 08:14:01'),
(1266, 1, 'view_dashboard', '{\"time\":\"2025-04-10 15:14:01\"}', '2025-04-10 08:14:01'),
(1267, 1, 'view_resource_types', '{\"time\":\"2025-04-10 15:14:16\",\"page\":1}', '2025-04-10 08:14:16'),
(1268, 1, 'delete_resource_type', '{\"time\":\"2025-04-10 15:14:20\",\"resource_id\":0,\"details\":{\"name\":\"Business Manager (BM)\"}}', '2025-04-10 08:14:20'),
(1269, 1, 'view_resource_types', '{\"time\":\"2025-04-10 15:14:20\",\"page\":1}', '2025-04-10 08:14:20'),
(1270, 1, 'view_dashboard', '{\"time\":\"2025-04-10 15:14:31\"}', '2025-04-10 08:14:31'),
(1271, 2, 'update_order', '{\"time\":\"2025-04-10 15:34:33\",\"order_id\":\"43\",\"details\":{\"old_status\":null,\"new_status\":\"Processed\",\"quantity_returned\":null}}', '2025-04-10 08:34:33'),
(1272, 29, 'login', '{\"username\":\"HKD TO\\u00c0N H\\u1ea2I\",\"success\":true,\"ip\":\"27.72.28.80\",\"time\":\"2025-04-10 15:36:27\"}', '2025-04-10 08:36:27'),
(1273, 29, 'view_dashboard', '{\"time\":\"2025-04-10 15:36:27\"}', '2025-04-10 08:36:27'),
(1274, 49, 'view_profile', '[]', '2025-04-10 08:45:53'),
(1275, 49, 'view_profile', '[]', '2025-04-10 08:47:13'),
(1276, 49, 'view_profile', '[]', '2025-04-10 08:48:39'),
(1277, 49, 'edit_profile', '{\"email\":\"trieuyhod@gmail.com\",\"password\":\"changed\"}', '2025-04-10 08:48:39'),
(1278, 49, 'view_profile', '[]', '2025-04-10 08:49:51'),
(1279, 49, 'view_dashboard', '{\"time\":\"2025-04-10 15:52:26\"}', '2025-04-10 08:52:26'),
(1280, 0, 'login', '{\"username\":\"V\\u0169 Ng\\u1ecdc \\u0110\\u1ee9c\",\"success\":false,\"ip\":\"27.72.98.210\",\"time\":\"2025-04-10 16:23:15\"}', '2025-04-10 09:23:15'),
(1281, 0, 'login', '{\"username\":\"V\\u0169 Ng\\u1ecdc \\u0110\\u1ee9c\",\"success\":false,\"ip\":\"27.72.98.210\",\"time\":\"2025-04-10 16:23:31\"}', '2025-04-10 09:23:31'),
(1282, 14, 'login', '{\"username\":\"V\\u0169 Ng\\u1ecdc \\u0110\\u1ee9c\",\"success\":true,\"ip\":\"27.72.98.210\",\"time\":\"2025-04-10 16:23:36\"}', '2025-04-10 09:23:36'),
(1283, 14, 'view_dashboard', '{\"time\":\"2025-04-10 16:23:36\"}', '2025-04-10 09:23:36'),
(1284, 14, 'create_fb_order', '{\"time\":\"2025-04-10 16:27:20\",\"order_id\":\"18\",\"details\":{\"fb_config_id\":\"50\",\"quantity\":1,\"source_id\":2,\"notification\":\"\"}}', '2025-04-10 09:27:20'),
(1285, 14, 'view_profile', '[]', '2025-04-10 09:27:24'),
(1286, 14, 'view_dashboard', '{\"time\":\"2025-04-10 16:27:30\"}', '2025-04-10 09:27:30'),
(1287, 1, 'view_dashboard', '{\"time\":\"2025-04-10 16:27:38\"}', '2025-04-10 09:27:38'),
(1288, 1, 'view_dashboard', '{\"time\":\"2025-04-10 16:52:30\"}', '2025-04-10 09:52:30'),
(1289, 18, 'login', '{\"username\":\"Nguy\\u1ec5n Vi\\u1ec7t H\\u00f9ng\",\"success\":true,\"ip\":\"27.72.28.80\",\"time\":\"2025-04-11 08:48:40\"}', '2025-04-11 01:48:40'),
(1290, 18, 'view_dashboard', '{\"time\":\"2025-04-11 08:48:40\"}', '2025-04-11 01:48:40'),
(1291, 5, 'view_dashboard', '{\"time\":\"2025-04-11 09:05:05\"}', '2025-04-11 02:05:05'),
(1292, 11, 'login', '{\"username\":\"Phan Duy Anh\",\"success\":true,\"ip\":\"27.72.28.80\",\"time\":\"2025-04-11 09:37:15\"}', '2025-04-11 02:37:15'),
(1293, 11, 'view_dashboard', '{\"time\":\"2025-04-11 09:37:15\"}', '2025-04-11 02:37:15'),
(1294, 11, 'create_order', '{\"time\":\"2025-04-11 09:37:39\",\"order_id\":\"44\",\"details\":{\"resource_type\":1,\"quantity\":1,\"source\":\"Via C\\u1ea7m TKQC\"}}', '2025-04-11 02:37:39'),
(1295, 11, 'view_profile', '[]', '2025-04-11 02:38:41'),
(1296, 11, 'view_profile', '[]', '2025-04-11 02:39:16'),
(1297, 11, 'update_avatar', '{\"avatar\":\"changed\"}', '2025-04-11 02:39:16'),
(1298, 11, 'view_profile', '[]', '2025-04-11 02:39:46'),
(1299, 11, 'view_dashboard', '{\"time\":\"2025-04-11 09:39:47\"}', '2025-04-11 02:39:47'),
(1300, 33, 'login', '{\"username\":\"L\\u00ea Anh T\\u00fa\",\"success\":true,\"ip\":\"27.72.98.210\",\"time\":\"2025-04-11 11:00:52\"}', '2025-04-11 04:00:52'),
(1301, 33, 'view_dashboard', '{\"time\":\"2025-04-11 11:00:52\"}', '2025-04-11 04:00:52'),
(1302, 11, 'view_dashboard', '{\"time\":\"2025-04-11 11:10:22\"}', '2025-04-11 04:10:22'),
(1303, 33, 'view_dashboard', '{\"time\":\"2025-04-11 14:03:06\"}', '2025-04-11 07:03:06'),
(1304, 29, 'login', '{\"username\":\"HKD TO\\u00c0N H\\u1ea2I\",\"success\":true,\"ip\":\"27.72.98.210\",\"time\":\"2025-04-11 14:10:24\"}', '2025-04-11 07:10:24'),
(1305, 29, 'view_dashboard', '{\"time\":\"2025-04-11 14:10:24\"}', '2025-04-11 07:10:24'),
(1306, 29, 'create_order', '{\"time\":\"2025-04-11 14:10:59\",\"order_id\":\"45\",\"details\":{\"resource_type\":1,\"quantity\":1,\"source\":\"\"}}', '2025-04-11 07:10:59'),
(1307, 29, 'create_fb_order', '{\"time\":\"2025-04-11 14:11:21\",\"order_id\":\"19\",\"details\":{\"fb_config_id\":\"51\",\"quantity\":1,\"source_id\":2,\"notification\":\"\"}}', '2025-04-11 07:11:21'),
(1308, 29, 'create_fb_order', '{\"time\":\"2025-04-11 14:11:30\",\"order_id\":\"20\",\"details\":{\"fb_config_id\":\"52\",\"quantity\":1,\"source_id\":2,\"notification\":\"\"}}', '2025-04-11 07:11:30'),
(1309, 33, 'view_dashboard', '{\"time\":\"2025-04-11 14:20:59\"}', '2025-04-11 07:20:59'),
(1310, 33, 'create_fb_order', '{\"time\":\"2025-04-11 14:21:18\",\"order_id\":\"21\",\"details\":{\"fb_config_id\":\"53\",\"quantity\":1,\"source_id\":2,\"notification\":\"\"}}', '2025-04-11 07:21:18'),
(1311, 2, 'update_fb_order_status', '{\"time\":\"2025-04-11 14:21:41\",\"order_id\":17,\"details\":{\"old_status\":\"Pending\",\"new_status\":\"Processed\",\"notification\":\"\"}}', '2025-04-11 07:21:41'),
(1312, 29, 'view_dashboard', '{\"time\":\"2025-04-11 14:22:45\"}', '2025-04-11 07:22:45'),
(1313, 29, 'view_profile', '[]', '2025-04-11 07:50:21'),
(1314, 2, 'login', '{\"username\":\"trieuthiduong\",\"success\":true,\"ip\":\"27.72.103.187\",\"time\":\"2025-04-11 15:02:59\"}', '2025-04-11 08:02:59'),
(1315, 2, 'view_dashboard', '{\"time\":\"2025-04-11 15:02:59\"}', '2025-04-11 08:02:59'),
(1316, 29, 'logout', '{\"time\":\"2025-04-11 15:03:12\",\"ip\":\"27.72.98.210\"}', '2025-04-11 08:03:12'),
(1317, 0, 'login', '{\"username\":\"\\u0110\\u1ed7 Minh Hi\\u1ebfu\",\"success\":false,\"ip\":\"27.72.98.210\",\"time\":\"2025-04-11 15:03:31\"}', '2025-04-11 08:03:31'),
(1318, 0, 'login', '{\"username\":\"\\u0110\\u1ed7 Minh Hi\\u1ebfu\",\"success\":false,\"ip\":\"27.72.98.210\",\"time\":\"2025-04-11 15:03:46\"}', '2025-04-11 08:03:46'),
(1319, 2, 'update_order', '{\"time\":\"2025-04-11 15:04:26\",\"order_id\":\"44\",\"details\":{\"old_status\":null,\"new_status\":\"Rejected\",\"quantity_returned\":null}}', '2025-04-11 08:04:26'),
(1320, 0, 'login', '{\"username\":\"\\u0110\\u1ed7 Minh Hi\\u1ebfu\",\"success\":false,\"ip\":\"27.72.98.210\",\"time\":\"2025-04-11 15:04:39\"}', '2025-04-11 08:04:39'),
(1321, 0, 'login', '{\"username\":\"\\u0110\\u1ed7 Minh Hi\\u1ebfu\",\"success\":false,\"ip\":\"27.72.98.210\",\"time\":\"2025-04-11 15:05:42\"}', '2025-04-11 08:05:42'),
(1322, 57, 'login', '{\"username\":\"\\u0110\\u1ed7 Minh Hi\\u1ebfu\",\"success\":true,\"ip\":\"27.72.103.187\",\"time\":\"2025-04-11 15:06:44\"}', '2025-04-11 08:06:44'),
(1323, 57, 'view_dashboard', '{\"time\":\"2025-04-11 15:06:44\"}', '2025-04-11 08:06:44'),
(1324, 57, 'login', '{\"username\":\"\\u0110\\u1ed7 Minh Hi\\u1ebfu\",\"success\":true,\"ip\":\"27.72.98.210\",\"time\":\"2025-04-11 15:07:16\"}', '2025-04-11 08:07:16'),
(1325, 57, 'view_dashboard', '{\"time\":\"2025-04-11 15:07:16\"}', '2025-04-11 08:07:16'),
(1326, 57, 'create_order', '{\"time\":\"2025-04-11 15:08:06\",\"order_id\":\"46\",\"details\":{\"resource_type\":1,\"quantity\":1,\"source\":\"\"}}', '2025-04-11 08:08:06'),
(1327, 57, 'create_fb_order', '{\"time\":\"2025-04-11 15:08:21\",\"order_id\":\"22\",\"details\":{\"fb_config_id\":\"55\",\"quantity\":1,\"source_id\":2,\"notification\":\"\"}}', '2025-04-11 08:08:21'),
(1328, 2, 'update_order', '{\"time\":\"2025-04-11 15:08:25\",\"order_id\":\"45\",\"details\":{\"old_status\":null,\"new_status\":\"Rejected\",\"quantity_returned\":null}}', '2025-04-11 08:08:25'),
(1329, 57, 'create_fb_order', '{\"time\":\"2025-04-11 15:08:35\",\"order_id\":\"23\",\"details\":{\"fb_config_id\":\"56\",\"quantity\":1,\"source_id\":2,\"notification\":\"\"}}', '2025-04-11 08:08:35'),
(1330, 2, 'update_order', '{\"time\":\"2025-04-11 15:08:49\",\"order_id\":\"46\",\"details\":{\"old_status\":null,\"new_status\":\"Processed\",\"quantity_returned\":null}}', '2025-04-11 08:08:49'),
(1331, 2, 'update_fb_order_status', '{\"time\":\"2025-04-11 15:12:01\",\"order_id\":22,\"details\":{\"old_status\":\"Pending\",\"new_status\":\"Processed\",\"notification\":\"\"}}', '2025-04-11 08:12:01'),
(1332, 2, 'update_fb_order_status', '{\"time\":\"2025-04-11 15:12:07\",\"order_id\":23,\"details\":{\"old_status\":\"Pending\",\"new_status\":\"Processed\",\"notification\":\"\"}}', '2025-04-11 08:12:07'),
(1333, 2, 'update_fb_order_status', '{\"time\":\"2025-04-11 15:12:39\",\"order_id\":20,\"details\":{\"old_status\":\"Pending\",\"new_status\":\"Rejected\",\"notification\":\"\"}}', '2025-04-11 08:12:39'),
(1334, 2, 'update_fb_order_status', '{\"time\":\"2025-04-11 15:12:43\",\"order_id\":19,\"details\":{\"old_status\":\"Pending\",\"new_status\":\"Rejected\",\"notification\":\"\"}}', '2025-04-11 08:12:43'),
(1335, 0, 'login', '{\"username\":\"DATL\",\"success\":false,\"ip\":\"27.72.98.92\",\"time\":\"2025-04-11 16:17:23\"}', '2025-04-11 09:17:23'),
(1336, 0, 'login', '{\"username\":\"DATL\",\"success\":true,\"ip\":\"27.72.98.92\",\"time\":\"2025-04-11 16:17:29\"}', '2025-04-11 09:17:29'),
(1337, 0, 'view_dashboard', '{\"time\":\"2025-04-11 16:17:29\"}', '2025-04-11 09:17:29'),
(1338, 0, 'create_order', '{\"time\":\"2025-04-11 16:19:22\",\"order_id\":\"47\",\"details\":{\"resource_type\":9,\"quantity\":1,\"source\":\"\"}}', '2025-04-11 09:19:22'),
(1339, 0, 'login', '{\"username\":\"Nguy\\u1ec5n Th\\u1ecb Kh\\u00e1nh Linh\",\"success\":false,\"ip\":\"27.72.28.80\",\"time\":\"2025-04-11 16:32:38\"}', '2025-04-11 09:32:38'),
(1340, 0, 'login', '{\"username\":\"Nguy\\u1ec5n Th\\u1ecb Kh\\u00e1nh Linh\",\"success\":false,\"ip\":\"27.72.28.80\",\"time\":\"2025-04-11 16:32:44\"}', '2025-04-11 09:32:44'),
(1341, 0, 'login', '{\"username\":\"Nguy\\u1ec5n Th\\u1ecb Kh\\u00e1nh Linh\",\"success\":false,\"ip\":\"27.72.28.80\",\"time\":\"2025-04-11 16:32:57\"}', '2025-04-11 09:32:57'),
(1342, 0, 'login', '{\"username\":\"Nguy\\u1ec5n Th\\u1ecb Kh\\u00e1nh Linh\",\"success\":false,\"ip\":\"27.72.28.80\",\"time\":\"2025-04-11 16:33:02\"}', '2025-04-11 09:33:02'),
(1343, 15, 'login', '{\"username\":\"Nguy\\u1ec5n Th\\u1ecb Kh\\u00e1nh Linh\",\"success\":true,\"ip\":\"27.72.28.80\",\"time\":\"2025-04-11 16:33:14\"}', '2025-04-11 09:33:14'),
(1344, 15, 'view_dashboard', '{\"time\":\"2025-04-11 16:33:14\"}', '2025-04-11 09:33:14'),
(1345, 2, 'login', '{\"username\":\"trieuthiduong\",\"success\":true,\"ip\":\"27.72.103.187\",\"time\":\"2025-04-11 17:16:03\"}', '2025-04-11 10:16:03'),
(1346, 2, 'view_dashboard', '{\"time\":\"2025-04-11 17:16:03\"}', '2025-04-11 10:16:03'),
(1347, 2, 'update_order', '{\"time\":\"2025-04-11 17:16:34\",\"order_id\":\"47\",\"details\":{\"old_status\":null,\"new_status\":\"Pending\",\"quantity_returned\":null}}', '2025-04-11 10:16:34'),
(1348, 2, 'update_order', '{\"time\":\"2025-04-11 17:16:39\",\"order_id\":\"47\",\"details\":{\"old_status\":null,\"new_status\":\"Processed\",\"quantity_returned\":null}}', '2025-04-11 10:16:39'),
(1349, 2, 'view_profile', '[]', '2025-04-11 10:23:38'),
(1350, 18, 'login', '{\"username\":\"Nguy\\u1ec5n Vi\\u1ec7t H\\u00f9ng\",\"success\":true,\"ip\":\"27.72.28.80\",\"time\":\"2025-04-12 08:27:08\"}', '2025-04-12 01:27:08'),
(1351, 18, 'view_dashboard', '{\"time\":\"2025-04-12 08:27:08\"}', '2025-04-12 01:27:08'),
(1352, 33, 'login', '{\"username\":\"L\\u00ea Anh T\\u00fa\",\"success\":true,\"ip\":\"27.72.28.80\",\"time\":\"2025-04-12 09:04:52\"}', '2025-04-12 02:04:52'),
(1353, 33, 'view_dashboard', '{\"time\":\"2025-04-12 09:04:52\"}', '2025-04-12 02:04:52');
INSERT INTO `logs` (`id`, `user_id`, `action`, `details`, `created_at`) VALUES
(1354, 15, 'login', '{\"username\":\"Nguy\\u1ec5n Th\\u1ecb Kh\\u00e1nh Linh\",\"success\":true,\"ip\":\"27.72.28.80\",\"time\":\"2025-04-12 09:12:09\"}', '2025-04-12 02:12:09'),
(1355, 15, 'view_dashboard', '{\"time\":\"2025-04-12 09:12:09\"}', '2025-04-12 02:12:09'),
(1356, 15, 'create_order', '{\"time\":\"2025-04-12 09:13:00\",\"order_id\":\"48\",\"details\":{\"resource_type\":5,\"quantity\":1,\"source\":\"\"}}', '2025-04-12 02:13:00'),
(1357, 2, 'update_order', '{\"time\":\"2025-04-12 09:18:34\",\"order_id\":\"48\",\"details\":{\"old_status\":null,\"new_status\":\"Processed\",\"quantity_returned\":null}}', '2025-04-12 02:18:34'),
(1358, 57, 'login', '{\"username\":\"\\u0110\\u1ed7 Minh Hi\\u1ebfu\",\"success\":true,\"ip\":\"27.72.98.92\",\"time\":\"2025-04-12 09:49:07\"}', '2025-04-12 02:49:07'),
(1359, 57, 'view_dashboard', '{\"time\":\"2025-04-12 09:49:07\"}', '2025-04-12 02:49:07'),
(1360, 57, 'view_profile', '[]', '2025-04-12 02:49:21'),
(1361, 57, 'view_dashboard', '{\"time\":\"2025-04-12 09:49:22\"}', '2025-04-12 02:49:22'),
(1362, 57, 'view_profile', '[]', '2025-04-12 02:49:24'),
(1363, 55, 'login', '{\"username\":\"Tr\\u1ea7n Danh Cao\",\"success\":true,\"ip\":\"27.72.98.210\",\"time\":\"2025-04-12 10:08:41\"}', '2025-04-12 03:08:41'),
(1364, 55, 'view_dashboard', '{\"time\":\"2025-04-12 10:08:41\"}', '2025-04-12 03:08:41'),
(1365, 0, 'login', '{\"username\":\"DAQT\",\"success\":false,\"ip\":\"27.72.98.92\",\"time\":\"2025-04-12 11:03:14\"}', '2025-04-12 04:03:14'),
(1366, 0, 'login', '{\"username\":\"DAQT\",\"success\":false,\"ip\":\"27.72.103.187\",\"time\":\"2025-04-12 11:03:29\"}', '2025-04-12 04:03:29'),
(1367, 0, 'login', '{\"username\":\"DAQT\",\"success\":false,\"ip\":\"27.72.98.92\",\"time\":\"2025-04-12 11:03:29\"}', '2025-04-12 04:03:29'),
(1368, 52, 'login', '{\"username\":\"DAQT\",\"success\":true,\"ip\":\"27.72.103.187\",\"time\":\"2025-04-12 11:04:16\"}', '2025-04-12 04:04:16'),
(1369, 52, 'view_dashboard', '{\"time\":\"2025-04-12 11:04:16\"}', '2025-04-12 04:04:16'),
(1370, 52, 'create_order', '{\"time\":\"2025-04-12 11:04:32\",\"order_id\":\"49\",\"details\":{\"resource_type\":9,\"quantity\":1,\"source\":\"\"}}', '2025-04-12 04:04:32'),
(1371, 52, 'login', '{\"username\":\"DAQT\",\"success\":true,\"ip\":\"27.72.98.210\",\"time\":\"2025-04-12 11:04:43\"}', '2025-04-12 04:04:43'),
(1372, 52, 'view_dashboard', '{\"time\":\"2025-04-12 11:04:43\"}', '2025-04-12 04:04:43'),
(1373, 2, 'update_order', '{\"time\":\"2025-04-12 11:05:50\",\"order_id\":\"49\",\"details\":{\"old_status\":null,\"new_status\":\"Processed\",\"quantity_returned\":null}}', '2025-04-12 04:05:50'),
(1374, 52, 'create_fb_order', '{\"time\":\"2025-04-12 11:07:11\",\"order_id\":\"24\",\"details\":{\"fb_config_id\":\"59\",\"quantity\":1,\"source_id\":2,\"notification\":\"\"}}', '2025-04-12 04:07:11'),
(1375, 2, 'update_fb_order_status', '{\"time\":\"2025-04-12 11:36:18\",\"order_id\":24,\"details\":{\"old_status\":\"Pending\",\"new_status\":\"Processed\",\"notification\":\"\"}}', '2025-04-12 04:36:18'),
(1376, 2, 'view_profile', '[]', '2025-04-12 04:51:06'),
(1377, 2, 'view_profile', '[]', '2025-04-12 06:37:07'),
(1378, 2, 'update_fb_order_status', '{\"time\":\"2025-04-12 13:37:28\",\"order_id\":21,\"details\":{\"old_status\":\"Pending\",\"new_status\":\"Processed\",\"notification\":\"\"}}', '2025-04-12 06:37:28'),
(1379, 11, 'login', '{\"username\":\"Phan Duy Anh\",\"success\":true,\"ip\":\"27.72.28.80\",\"time\":\"2025-04-12 15:09:17\"}', '2025-04-12 08:09:17'),
(1380, 11, 'view_dashboard', '{\"time\":\"2025-04-12 15:09:17\"}', '2025-04-12 08:09:17'),
(1381, 2, 'login', '{\"username\":\"trieuthiduong\",\"success\":true,\"ip\":\"27.72.103.187\",\"time\":\"2025-04-12 15:10:32\"}', '2025-04-12 08:10:32'),
(1382, 2, 'view_dashboard', '{\"time\":\"2025-04-12 15:10:32\"}', '2025-04-12 08:10:32'),
(1383, 2, 'view_resource_types', '{\"time\":\"2025-04-12 15:10:36\",\"page\":1}', '2025-04-12 08:10:36'),
(1384, 2, 'add_resource_type', '{\"time\":\"2025-04-12 15:11:07\",\"resource_id\":\"0\",\"details\":{\"name\":\"N\\u1ea1p Shoppe\"}}', '2025-04-12 08:11:07'),
(1385, 2, 'view_resource_types', '{\"time\":\"2025-04-12 15:11:07\",\"page\":1}', '2025-04-12 08:11:07'),
(1386, 11, 'view_dashboard', '{\"time\":\"2025-04-12 15:12:20\"}', '2025-04-12 08:12:20'),
(1387, 11, 'view_profile', '[]', '2025-04-12 08:12:42'),
(1388, 11, 'view_dashboard', '{\"time\":\"2025-04-12 15:12:43\"}', '2025-04-12 08:12:43'),
(1389, 2, 'view_resource_types', '{\"time\":\"2025-04-12 15:13:17\",\"page\":1}', '2025-04-12 08:13:17'),
(1390, 2, 'view_resource_types', '{\"time\":\"2025-04-12 15:13:30\",\"page\":1}', '2025-04-12 08:13:30'),
(1391, 2, 'view_resource_types', '{\"time\":\"2025-04-12 15:13:34\",\"page\":2}', '2025-04-12 08:13:34'),
(1392, 2, 'view_resource_types', '{\"time\":\"2025-04-12 15:13:36\",\"page\":2}', '2025-04-12 08:13:36'),
(1393, 2, 'view_resource_types', '{\"time\":\"2025-04-12 15:13:37\",\"page\":1}', '2025-04-12 08:13:37'),
(1394, 2, 'view_resource_types', '{\"time\":\"2025-04-12 15:13:38\",\"page\":2}', '2025-04-12 08:13:38'),
(1395, 2, 'view_resource_types', '{\"time\":\"2025-04-12 15:13:46\",\"page\":1}', '2025-04-12 08:13:46'),
(1396, 2, 'edit_resource_type', '{\"time\":\"2025-04-12 15:13:53\",\"resource_id\":0,\"details\":{\"name\":\"N\\u1ea1p SP\"}}', '2025-04-12 08:13:53'),
(1397, 2, 'view_resource_types', '{\"time\":\"2025-04-12 15:13:53\",\"page\":1}', '2025-04-12 08:13:53'),
(1398, 2, 'view_resource_types', '{\"time\":\"2025-04-12 15:14:02\",\"page\":1}', '2025-04-12 08:14:02'),
(1399, 2, 'view_resource_types', '{\"time\":\"2025-04-12 15:14:04\",\"page\":2}', '2025-04-12 08:14:04'),
(1400, 2, 'view_resource_types', '{\"time\":\"2025-04-12 15:14:06\",\"page\":1}', '2025-04-12 08:14:06'),
(1401, 2, 'edit_resource_type', '{\"time\":\"2025-04-12 15:14:15\",\"resource_id\":0,\"details\":{\"name\":\"Shoppe\"}}', '2025-04-12 08:14:15'),
(1402, 2, 'view_resource_types', '{\"time\":\"2025-04-12 15:14:15\",\"page\":1}', '2025-04-12 08:14:15'),
(1403, 2, 'view_resource_types', '{\"time\":\"2025-04-12 15:14:24\",\"page\":1}', '2025-04-12 08:14:24'),
(1404, 2, 'view_resource_types', '{\"time\":\"2025-04-12 15:14:28\",\"page\":2}', '2025-04-12 08:14:28'),
(1405, 2, 'view_resource_types', '{\"time\":\"2025-04-12 15:14:31\",\"page\":1}', '2025-04-12 08:14:31'),
(1406, 2, 'edit_resource_type', '{\"time\":\"2025-04-12 15:14:39\",\"resource_id\":0,\"details\":{\"name\":\"sp\"}}', '2025-04-12 08:14:39'),
(1407, 2, 'view_resource_types', '{\"time\":\"2025-04-12 15:14:39\",\"page\":1}', '2025-04-12 08:14:39'),
(1408, 2, 'create_order', '{\"time\":\"2025-04-12 15:14:56\",\"order_id\":\"50\",\"details\":{\"resource_type\":17,\"quantity\":1,\"source\":\"\"}}', '2025-04-12 08:14:56'),
(1409, 11, 'create_order', '{\"time\":\"2025-04-12 15:15:53\",\"order_id\":\"51\",\"details\":{\"resource_type\":8,\"quantity\":1,\"source\":\"100000\"}}', '2025-04-12 08:15:53'),
(1410, 2, 'update_order', '{\"time\":\"2025-04-12 15:16:02\",\"order_id\":\"50\",\"details\":{\"old_status\":null,\"new_status\":\"Rejected\",\"quantity_returned\":null}}', '2025-04-12 08:16:02'),
(1411, 19, 'login', '{\"username\":\"Nguy\\u1ec5n Ng\\u1ecdc T\\u00f9ng\",\"success\":true,\"ip\":\"27.72.28.80\",\"time\":\"2025-04-12 15:21:07\"}', '2025-04-12 08:21:07'),
(1412, 19, 'view_dashboard', '{\"time\":\"2025-04-12 15:21:07\"}', '2025-04-12 08:21:07'),
(1413, 2, 'update_order', '{\"time\":\"2025-04-12 15:22:26\",\"order_id\":\"51\",\"details\":{\"old_status\":null,\"new_status\":\"Processed\",\"quantity_returned\":null}}', '2025-04-12 08:22:26'),
(1414, 2, 'update_order', '{\"time\":\"2025-04-12 15:22:43\",\"order_id\":\"51\",\"details\":{\"old_status\":null,\"new_status\":\"Processed\",\"quantity_returned\":null}}', '2025-04-12 08:22:43'),
(1415, 1, 'login', '{\"username\":\"admin\",\"success\":true,\"ip\":\"42.114.228.23\",\"time\":\"2025-04-12 15:34:00\"}', '2025-04-12 08:34:00'),
(1416, 1, 'view_dashboard', '{\"time\":\"2025-04-12 15:34:00\"}', '2025-04-12 08:34:00'),
(1417, 1, 'view_resource_types', '{\"time\":\"2025-04-12 15:34:07\",\"page\":1}', '2025-04-12 08:34:07'),
(1418, 1, 'view_resource_types', '{\"time\":\"2025-04-12 15:34:13\",\"page\":2}', '2025-04-12 08:34:13'),
(1419, 1, 'view_resource_types', '{\"time\":\"2025-04-12 15:34:25\",\"page\":1}', '2025-04-12 08:34:25'),
(1420, 1, 'edit_resource_type', '{\"time\":\"2025-04-12 15:34:39\",\"resource_id\":0,\"details\":{\"name\":\"Shopee\"}}', '2025-04-12 08:34:39'),
(1421, 1, 'view_resource_types', '{\"time\":\"2025-04-12 15:34:39\",\"page\":1}', '2025-04-12 08:34:39'),
(1422, 1, 'view_resource_types', '{\"time\":\"2025-04-12 15:34:55\",\"page\":1}', '2025-04-12 08:34:55'),
(1423, 1, 'view_resource_types', '{\"time\":\"2025-04-12 15:34:59\",\"page\":2}', '2025-04-12 08:34:59'),
(1424, 1, 'view_resource_types', '{\"time\":\"2025-04-12 15:35:02\",\"page\":1}', '2025-04-12 08:35:02'),
(1425, 1, 'edit_resource_type', '{\"time\":\"2025-04-12 15:35:41\",\"resource_id\":0,\"details\":{\"name\":\"sh0pee\"}}', '2025-04-12 08:35:41'),
(1426, 1, 'view_resource_types', '{\"time\":\"2025-04-12 15:35:41\",\"page\":1}', '2025-04-12 08:35:41'),
(1427, 1, 'view_dashboard', '{\"time\":\"2025-04-12 15:52:08\"}', '2025-04-12 08:52:08'),
(1428, 1, 'view_dashboard', '{\"time\":\"2025-04-12 15:52:34\"}', '2025-04-12 08:52:34'),
(1429, 1, 'view_dashboard', '{\"time\":\"2025-04-12 15:52:43\"}', '2025-04-12 08:52:43'),
(1430, 1, 'view_dashboard', '{\"time\":\"2025-04-12 16:04:37\"}', '2025-04-12 09:04:37'),
(1431, 1, 'view_resource_types', '{\"time\":\"2025-04-12 16:04:48\",\"page\":1}', '2025-04-12 09:04:48'),
(1432, 1, 'view_resource_types', '{\"time\":\"2025-04-12 16:04:50\",\"page\":2}', '2025-04-12 09:04:50'),
(1433, 1, 'view_resource_types', '{\"time\":\"2025-04-12 16:04:54\",\"page\":1}', '2025-04-12 09:04:54'),
(1434, 1, 'edit_resource_type', '{\"time\":\"2025-04-12 16:05:00\",\"resource_id\":0,\"details\":{\"name\":\"Shopee\"}}', '2025-04-12 09:05:00'),
(1435, 1, 'view_resource_types', '{\"time\":\"2025-04-12 16:05:00\",\"page\":1}', '2025-04-12 09:05:00'),
(1436, 1, 'create_order', '{\"time\":\"2025-04-12 16:10:42\",\"order_id\":\"52\",\"details\":{\"resource_type\":17,\"quantity\":1,\"source\":\"1\"}}', '2025-04-12 09:10:42'),
(1437, 1, 'view_resource_types', '{\"time\":\"2025-04-12 16:10:45\",\"page\":1}', '2025-04-12 09:10:45'),
(1438, 1, 'view_resource_types', '{\"time\":\"2025-04-12 16:10:48\",\"page\":2}', '2025-04-12 09:10:48'),
(1439, 1, 'delete_resource_type', '{\"time\":\"2025-04-12 16:10:50\",\"resource_id\":0,\"details\":{\"name\":\"Shopee\"}}', '2025-04-12 09:10:50'),
(1440, 1, 'view_resource_types', '{\"time\":\"2025-04-12 16:10:50\",\"page\":1}', '2025-04-12 09:10:50'),
(1441, 1, 'add_resource_type', '{\"time\":\"2025-04-12 16:10:55\",\"resource_id\":\"0\",\"details\":{\"name\":\"Shopee\"}}', '2025-04-12 09:10:55'),
(1442, 1, 'view_resource_types', '{\"time\":\"2025-04-12 16:10:55\",\"page\":1}', '2025-04-12 09:10:55'),
(1443, 7, 'login', '{\"username\":\"V\\u0169 \\u0110\\u00ecnh Ho\\u00e0ng\",\"success\":true,\"ip\":\"27.72.103.187\",\"time\":\"2025-04-12 16:24:17\"}', '2025-04-12 09:24:17'),
(1444, 7, 'view_dashboard', '{\"time\":\"2025-04-12 16:24:17\"}', '2025-04-12 09:24:17'),
(1445, 7, 'login', '{\"username\":\"V\\u0169 \\u0110\\u00ecnh Ho\\u00e0ng\",\"success\":true,\"ip\":\"27.72.98.92\",\"time\":\"2025-04-12 16:25:01\"}', '2025-04-12 09:25:01'),
(1446, 7, 'view_dashboard', '{\"time\":\"2025-04-12 16:25:01\"}', '2025-04-12 09:25:01'),
(1447, 2, 'update_order', '{\"time\":\"2025-04-12 16:27:14\",\"order_id\":\"52\",\"details\":{\"old_status\":null,\"new_status\":\"Rejected\",\"quantity_returned\":null}}', '2025-04-12 09:27:14'),
(1448, 12, 'login', '{\"username\":\"Ph\\u00f9ng Kh\\u1eafc Th\\u00e0nh\",\"success\":true,\"ip\":\"27.72.98.210\",\"time\":\"2025-04-12 16:32:56\"}', '2025-04-12 09:32:56'),
(1449, 12, 'view_dashboard', '{\"time\":\"2025-04-12 16:32:57\"}', '2025-04-12 09:32:57'),
(1450, 1, 'view_resource_types', '{\"time\":\"2025-04-12 16:33:13\",\"page\":1}', '2025-04-12 09:33:13'),
(1451, 1, 'view_resource_types', '{\"time\":\"2025-04-12 16:33:18\",\"page\":1}', '2025-04-12 09:33:18'),
(1452, 1, 'view_resource_types', '{\"time\":\"2025-04-12 16:33:57\",\"page\":1}', '2025-04-12 09:33:57'),
(1453, 1, 'view_resource_types', '{\"time\":\"2025-04-12 16:34:00\",\"page\":1}', '2025-04-12 09:34:00'),
(1454, 1, 'view_resource_types', '{\"time\":\"2025-04-12 16:34:03\",\"page\":1}', '2025-04-12 09:34:03'),
(1455, 12, 'create_order', '{\"time\":\"2025-04-12 16:34:13\",\"order_id\":\"53\",\"details\":{\"resource_type\":5,\"quantity\":1,\"source\":\"1 t\\u00e0i kho\\u1ea3n thu\\u00ea 320.000\"}}', '2025-04-12 09:34:13'),
(1456, 20, 'login', '{\"username\":\"Ho\\u00e0ng V\\u0103n \\u00dac\",\"success\":true,\"ip\":\"27.72.98.92\",\"time\":\"2025-04-12 16:36:37\"}', '2025-04-12 09:36:37'),
(1457, 20, 'view_dashboard', '{\"time\":\"2025-04-12 16:36:37\"}', '2025-04-12 09:36:37'),
(1458, 7, 'logout', '{\"time\":\"2025-04-12 16:36:54\",\"ip\":\"27.72.103.187\"}', '2025-04-12 09:36:54'),
(1459, 2, 'view_resource_types', '{\"time\":\"2025-04-12 16:37:33\",\"page\":1}', '2025-04-12 09:37:33'),
(1460, 2, 'view_resource_types', '{\"time\":\"2025-04-12 16:37:37\",\"page\":1}', '2025-04-12 09:37:37'),
(1461, 2, 'view_profile', '[]', '2025-04-12 09:37:42'),
(1462, 2, 'view_resource_types', '{\"time\":\"2025-04-12 16:37:48\",\"page\":1}', '2025-04-12 09:37:48'),
(1463, 2, 'view_resource_types', '{\"time\":\"2025-04-12 16:37:53\",\"page\":1}', '2025-04-12 09:37:53'),
(1464, 1, 'view_resource_types', '{\"time\":\"2025-04-12 16:38:16\",\"page\":1}', '2025-04-12 09:38:16'),
(1465, 1, 'add_resource_type', '{\"time\":\"2025-04-12 16:38:25\",\"resource_id\":\"0\",\"details\":{\"name\":\"TIKTOK\"}}', '2025-04-12 09:38:25'),
(1466, 1, 'view_resource_types', '{\"time\":\"2025-04-12 16:38:25\",\"page\":1}', '2025-04-12 09:38:25'),
(1467, 1, 'create_order', '{\"time\":\"2025-04-12 16:38:31\",\"order_id\":\"54\",\"details\":{\"resource_type\":19,\"quantity\":1,\"source\":\"\"}}', '2025-04-12 09:38:31'),
(1468, 2, 'view_resource_types', '{\"time\":\"2025-04-12 16:38:46\",\"page\":1}', '2025-04-12 09:38:46'),
(1469, 1, 'view_resource_types', '{\"time\":\"2025-04-12 16:38:51\",\"page\":1}', '2025-04-12 09:38:51'),
(1470, 1, 'view_resource_types', '{\"time\":\"2025-04-12 16:38:56\",\"page\":1}', '2025-04-12 09:38:56'),
(1471, 1, 'view_resource_types', '{\"time\":\"2025-04-12 16:39:14\",\"page\":1}', '2025-04-12 09:39:14'),
(1472, 1, 'view_resource_types', '{\"time\":\"2025-04-12 16:39:31\",\"page\":1}', '2025-04-12 09:39:31'),
(1473, 1, 'view_resource_types', '{\"time\":\"2025-04-12 16:39:35\",\"page\":2}', '2025-04-12 09:39:35'),
(1474, 1, 'view_resource_types', '{\"time\":\"2025-04-12 16:39:38\",\"page\":3}', '2025-04-12 09:39:38'),
(1475, 1, 'view_resource_types', '{\"time\":\"2025-04-12 16:39:41\",\"page\":1}', '2025-04-12 09:39:41'),
(1476, 20, 'create_order', '{\"time\":\"2025-04-12 16:40:50\",\"order_id\":\"55\",\"details\":{\"resource_type\":5,\"quantity\":1,\"source\":\"1 tk thu\\u00ea 320k\"}}', '2025-04-12 09:40:50'),
(1477, 2, 'update_order', '{\"time\":\"2025-04-12 16:41:38\",\"order_id\":\"53\",\"details\":{\"old_status\":null,\"new_status\":\"Processed\",\"quantity_returned\":null}}', '2025-04-12 09:41:38'),
(1478, 1, 'view_resource_types', '{\"time\":\"2025-04-12 16:42:31\",\"page\":1}', '2025-04-12 09:42:31'),
(1479, 1, 'add_resource_type', '{\"time\":\"2025-04-12 16:42:40\",\"resource_id\":\"0\",\"details\":{\"name\":\"Ladipage\"}}', '2025-04-12 09:42:40'),
(1480, 1, 'view_resource_types', '{\"time\":\"2025-04-12 16:42:40\",\"page\":1}', '2025-04-12 09:42:40'),
(1481, 1, 'view_resource_types', '{\"time\":\"2025-04-12 16:42:46\",\"page\":1}', '2025-04-12 09:42:46'),
(1482, 2, 'update_order', '{\"time\":\"2025-04-12 16:43:00\",\"order_id\":\"55\",\"details\":{\"old_status\":null,\"new_status\":\"Processed\",\"quantity_returned\":null}}', '2025-04-12 09:43:00'),
(1483, 1, 'view_resource_types', '{\"time\":\"2025-04-12 16:45:38\",\"page\":1}', '2025-04-12 09:45:38'),
(1484, 1, 'view_resource_types', '{\"time\":\"2025-04-12 16:45:44\",\"page\":1}', '2025-04-12 09:45:44'),
(1485, 1, 'add_resource_type', '{\"time\":\"2025-04-12 16:45:53\",\"resource_id\":\"0\",\"details\":{\"name\":\"BM\"}}', '2025-04-12 09:45:53'),
(1486, 1, 'view_resource_types', '{\"time\":\"2025-04-12 16:45:53\",\"page\":1}', '2025-04-12 09:45:53'),
(1487, 1, 'view_resource_types', '{\"time\":\"2025-04-12 16:46:03\",\"page\":2}', '2025-04-12 09:46:03'),
(1488, 1, 'create_order', '{\"time\":\"2025-04-12 16:46:41\",\"order_id\":\"56\",\"details\":{\"resource_type\":21,\"quantity\":1,\"source\":\"1\"}}', '2025-04-12 09:46:41'),
(1489, 1, 'view_resource_types', '{\"time\":\"2025-04-12 16:47:11\",\"page\":1}', '2025-04-12 09:47:11'),
(1490, 1, 'add_resource_type', '{\"time\":\"2025-04-12 16:47:17\",\"resource_id\":\"0\",\"details\":{\"name\":\"Ladipage\"}}', '2025-04-12 09:47:17'),
(1491, 1, 'view_resource_types', '{\"time\":\"2025-04-12 16:47:17\",\"page\":1}', '2025-04-12 09:47:17'),
(1492, 1, 'create_order', '{\"time\":\"2025-04-12 16:47:35\",\"order_id\":\"57\",\"details\":{\"resource_type\":22,\"quantity\":1,\"source\":\"1\"}}', '2025-04-12 09:47:35'),
(1493, 1, 'view_resource_types', '{\"time\":\"2025-04-12 16:50:08\",\"page\":1}', '2025-04-12 09:50:08'),
(1494, 1, 'add_resource_type', '{\"time\":\"2025-04-12 16:50:14\",\"resource_id\":\"0\",\"details\":{\"name\":\"T\\u00ean mi\\u1ec1n\"}}', '2025-04-12 09:50:14'),
(1495, 1, 'view_resource_types', '{\"time\":\"2025-04-12 16:50:14\",\"page\":1}', '2025-04-12 09:50:14');

-- --------------------------------------------------------

--
-- Cấu trúc bảng cho bảng `notifications`
--

CREATE TABLE `notifications` (
  `id` int(11) NOT NULL,
  `user_id` int(11) NOT NULL DEFAULT 0,
  `type` varchar(50) NOT NULL,
  `title` varchar(255) NOT NULL,
  `message` text NOT NULL,
  `order_id` int(11) DEFAULT NULL,
  `read_at` datetime DEFAULT NULL,
  `created_at` datetime NOT NULL
) ENGINE=InnoDB DEFAULT CHARSET=utf8mb4;

-- --------------------------------------------------------

--
-- Cấu trúc bảng cho bảng `orders`
--

CREATE TABLE `orders` (
  `id` int(11) NOT NULL,
  `user_id` int(11) NOT NULL,
  `resource_type` int(11) NOT NULL,
  `quantity` int(11) NOT NULL,
  `source` varchar(255) DEFAULT NULL,
  `source_buy` varchar(255) DEFAULT NULL,
  `status` varchar(20) NOT NULL DEFAULT 'Pending',
  `created_at` timestamp NOT NULL DEFAULT current_timestamp() ON UPDATE current_timestamp(),
  `price` decimal(10,2) DEFAULT NULL,
  `notification` text DEFAULT NULL,
  `receipt_image` varchar(255) DEFAULT NULL
) ENGINE=InnoDB DEFAULT CHARSET=utf8mb4;

--
-- Đang đổ dữ liệu cho bảng `orders`
--

INSERT INTO `orders` (`id`, `user_id`, `resource_type`, `quantity`, `source`, `source_buy`, `status`, `created_at`, `price`, `notification`, `receipt_image`) VALUES
(7, 9, 3, 10, 'Gmail cổ 2015', 'https://taphoammo.net/orders-buy.html', 'Processed', '2025-03-31 21:43:27', '230000.00', 'nguyenthevinh1998x@gmail.com	$Mayd19Gam129|ngobinhmanh211083@nguyenmail.top|	\r\n	nguyenthianhtuyet196769@gmail.com	$Charmaine53|dangbaovy060485@nguyenmail.top|2015	\r\n	nguyenngocthanh9a@gmail.com	$Mayc31Qon18|voquocbinh050184@nguyenmail.top|	\r\n	nguyenthinhungtk1234@gmail.com	$Mayg9Mina83|hoanganquynh080997@nguyenmail.top||	\r\n	duongthiphuongbg2@gmail.com	$Mayg1Cine244|ngobinhcong040589@nguyenmail.top||	\r\n	nguyenvantiendl6@gmail.com	$Maye9Kius602|leanhvi110997@nguyenmail.top|	\r\n	dangthihanghp2016@gmail.com	$Mayg1Cine641|ngohoaicong140797@nguyenmail.top||	\r\n	levansangvp2015@gmail.com	$Mayg3Hobe381|macsonan160196@nguyenmail.top||	\r\n	levantinhqn2019@gmail.com	$Maye13Eton437|doquocvy121290@nguyenmail.top|	\r\n	phamthingan123ab@gmail.com	$Mayd38Ton633|ngoducmai220294@nguyenmail.top|', NULL),
(17, 28, 3, 5, '', 'https://taphoammo.net/orders-buy.html', 'Processed', '2025-04-01 01:06:43', '115000.00', 'phamvancuongvl2015@gmail.com	$Mayg24Hine547|dinhanhhai190107@nguyenmail.top||	\r\n	tranvanloc201083@gmail.com	$Mayb10Mbit139|ngosoncong200588@nguyenmail.top|2015	\r\n	nguyenthanhngoc1996x@gmail.com	$Mayc1Tumr29|huynhdinhson230193@nguyenmail.top|	\r\n	tranvantuvt14@gmail.com	$Mayg5Minc329|phamcongan220501@nguyenmail.top||	\r\n	levanhunghl95@gmail.com	$Mayg19Mien549|hoangbinhlan220588@nguyenmail.top||', NULL),
(18, 15, 3, 10, 'Gmail việt cổ 2015', 'https://taphoammo.net/orders-buy.html', 'Processed', '2025-04-01 18:44:54', '230000.00', 'buivandungls77@gmail.com	$mayg11Rend514|masonnhu250794@nguyenmail.top||	\r\n	nguyenvanthuannt1979@gmail.com	$Mayg35Yon295|lygiaxuan090489@nguyenmail.top||	\r\n	nguyenthiminhtn1980@gmail.com	$Mayg5Minc272|vuhaihai080887@nguyenmail.top||	\r\n	levantinhqn1994@gmail.com	$Maye17Kon418|huynhgiathu030305@nguyenmail.top|	\r\n	tranthithuyvt87@gmail.com	$Mayg8Lone164|nguyencongmanh161207@nguyenmail.top||	\r\n	nguyenvansinhst2015@gmail.com	$Mayg26Koan508|danghaidinh250293@nguyenmail.top||	\r\n	nguyenvantientd28@gmail.com	$Mayg25Men503|lehieuduc221103@nguyenmail.top||	\r\n	nguyenvandaidn51@gmail.com	$Maye9Kius108|bianvi110189@nguyenmail.top|	\r\n	levanhung2002hd@gmail.com	$Mayc7Cobe435|hoanghaithao130296@nguyenmail.top|	\r\n	nguyenthingochuyen2602@gmail.com	$Cleopatra283|maibaothi080195@nguyenmail.top|2015', NULL),
(19, 8, 3, 10, 'email cổ 2015 xmdt', 'https://taphoammo.net/orders-buy.html', 'Processed', '2025-04-01 18:48:12', '230000.00', 'levandung1982ng@gmail.com	$Mayc12Eom113|hoanghieuai211293@nguyenmail.top|	\r\n	dothithaotb123@gmail.com	$Maye4Hone164|hoangaihuy150707@nguyenmail.top|	\r\n	nguyenthiloantn33@gmail.com	$Mayg5Minc597|phankhanhhai200595@nguyenmail.top||	\r\n	levanthin462001@gmail.com	$Mayb39Conv43|dauvantram091108@nguyenmail.top|2015	\r\n	truongvannam1990hn@gmail.com	$Mayd21Lin482|nguyenhieuthanh050299@nguyenmail.top|	\r\n	nguyenvanduonghd2015@gmail.com	$Maye8Mebe83|daukhanhthu230989@nguyenmail.top|	\r\n	nguyenvantronghg1122@gmail.com	$Mayg14Give625|truongquocanh110508@nguyenmail.top||	\r\n	nguyenvanhuyhn607@gmail.com	$Mayd29Rik762|machaihoai150899@nguyenmail.top|	\r\n	tranthimongtrinh51995@gmail.com	$Adelaide31|maiductram131084@nguyenmail.top|2015	\r\n	hoangvanminh1981hp@gmail.com	$Mayc12Eom289|dinhvanhoai200483@nguyenmail.top|', NULL),
(20, 28, 3, 5, '', 'https://taphoammo.net/orders-buy.html', 'Processed', '2025-04-02 19:25:33', '110000.00', 'phamthituyetth1709@gmail.com	$Maye7Mine294|duongthiminh300486@nguyenmail.top|	\r\n	nguyenvanhung85bn@gmail.com	$Mayc14Zend56|mackhanhai280703@nguyenmail.top|	\r\n	tranvantintt71@gmail.com	$Mayg16Lone377|mahaivan111108@nguyenmail.top||	\r\n	tranthitam38tt@gmail.com	$Mayd40Aone349|maccongduc141183@nguyenmail.top|	\r\n	nguyenvannhung2015tn@gmail.com	$Mayd17Khe153|vuandinh011297@nguyenmail.top|', NULL),
(21, 29, 1, 1, 'via chạy ads', 'zalo Mua via Hecci', 'Processed', '2025-04-02 19:48:01', '50000.00', '61570950565936|ripon19|SCA2HYFQRW4LRHI3MMU3IZGFFGKXNTPL|vheelukyn@hotmail.com|j4qh05U6u1bA2UI|vheelukynb8kt97p@fviainboxes.com|c_user=61570950565936;xs=3:m9tUcoTTH50oTg:2:1739673361:-1:-1;fr=0UdVxh2QP76o7RBBE.AWVNlCANJPLie4lq0Oso6ds9xaCdN5j-4cwSvA.BnsU81..AAA.0.0.BnsU81.AWUJ4CBtJEM;datr=EU-xZ-sOmlNUQLx7KcAx0Vo_;', NULL),
(22, 48, 1, 2, 'Via tuyển dụng', 'https://tongkhotainguyen.shop/?action=recharge-bank', 'Processed', '2025-04-02 20:18:32', '216000.00', '-100025102972831|saxlee8570|TIJH BD35 YZ3R MKEO 2WN3 URTN 3BNL DUIV|pudildruin7v@hotmail.com|ACzVDbKDa3U|\r\n-100025121033354|dvilas5615|ACK4 OQDE JIYL JAKF Z3L5 R3GF PWOJ OI4Y|amaevcove@hotmail.com|P3SAyFgRBghQmgr|', NULL),
(23, 49, 1, 3, '', 'https://tongkhotainguyen.shop/?action=recharge-bank', 'Processed', '2025-04-02 20:37:07', '324000.00', '-100025092622738|marink4164|E4KP 3ZQS 26WA RMPM 45UT 5UXF HQZI CKSQ|asfarruyak3j@hotmail.com|XEPR6CD13ca9|\r\n-100025129757258|mariep8120|C7YD TUWN JWXV QSVI V3CU G4P2 RXS5 IQUV|lencoenelija35@hotmail.com|70UfVB1uJhAcN|\r\n-100025122772426|cabana7528|DBZO RIKZ 4RTY OQ4V ESZL RY6B SOM6 FTWT|chamuauyerba@hotmail.com|cc8TBEsKFW|', NULL),
(24, 52, 10, 1, '', 'c Yến thanh toán trước cho', 'Processed', '2025-04-03 23:56:37', '564019.00', '', NULL),
(25, 37, 6, 1, '', 'zalo VPS ĐẠT', 'Processed', '2025-04-04 00:53:49', '160000.00', '', NULL),
(26, 53, 18, 1, 'Đã trao đổi trong nhóm', 'nhóm Tài nguyên-Sang lera', 'Processed', '2025-04-04 02:13:22', '336000.00', '', NULL),
(27, 33, 9, 1, 'Gia hạn', '', 'Processed', '2025-04-10 03:27:01', '0.00', '', NULL),
(28, 0, 1, 1, '', 'zalo Mua via Hecci', 'Processed', '2025-04-07 21:08:53', '50000.00', '', NULL),
(29, 42, 3, 9, 'Gmail Việt random 2015 ➼ 2017', 'https://gmailviet.net/', 'Processed', '2025-04-07 22:00:17', '144000.00', 'lethigiang15021983@gmail.com	hanliqgmjwlfs7887	pentilxdgpsc4010@outlook.com\r\nphamvancanh200288@gmail.com	oshileal1242	packgzwsv3307@outlook.com\r\nphanthitu150985@gmail.com	towvwdh4138	pachsenjg5811@outlook.com\r\nbuivansinh121085@gmail.com	oshisvuh3226	paciemdvj0251@outlook.com\r\nnguyenthang110290@gmail.com	pocheiadfdcza6838	pentiliudqah6363@outlook.com\r\nnguyenvanthao171207@gmail.com	oshinvgv5720	pacafwbve2777@outlook.com\r\nluuhanh10012002@gmail.com	hanliwtotxpsu2212	bachasbjaha8171@outlook.com\r\nphamvanthanh251201@gmail.com	hanliygkcrgtq3736	bachaxxppjo5717@outlook.com\r\nletuananh261082@gmail.com	onelekb6807	paclztbbq1157@outlook.com', NULL),
(30, 42, 3, 7, 'Gmail Việt random 2018 ➼ 2019 mua trên https://gmailviet.net/', 'https://gmailviet.net/', 'Processed', '2025-04-07 21:59:33', '98000.00', 'dinhhung26061988@gmail.com	hanliqdcsiheh4632	bachaafduir2247@outlook.com\r\nhoangthithanh100291@gmail.com	hanliqzyjjrge1160	pentilzqscpo1333@outlook.com\r\ntranthuy090196@gmail.com	hanlinecdfoea8763	bachakcxsom1465@outlook.com\r\nnguyenminhanh181202@gmail.com	hanliyrctnrrt4577	connalyeijbe5616@outlook.com\r\nvuthitrang120994@gmail.com	hanlinbblnstf2683	connalylwcbe8741@outlook.com\r\nhoangthithuy02081987@gmail.com	miproct0745	dandnqdbg75281@outlook.com\r\nthuytrang08022004@gmail.com	pochevmwxzeiw6731	connalozcrre7816@outlook.com', NULL),
(32, 55, 1, 1, 'via 902, xmdt thì tốt ^^', 'zalo Mua via Hecci', 'Processed', '2025-04-08 09:50:11', '50000.00', '61557120785485|NamBinh9b8|HKFUQ22BCMUNGV5C5JXTORODYHG752IL|myersmanuel554@hotmail.com|WWhPnRqXs|myersmanuel554q78@fviainboxes.com|c_user=61557120785485;xs=31:CIQvozBiUME4yA:2:1723387763:-1:14187;fr=0fpvgowdhE11l0w6T.AWWdooRmMlQ5EArX_LPvGtu_75fDCiQ5cO0k1Q.BnpOGu..AAA.0.0.BnpOGu.AWVmE1VdpNM;datr=ac-4ZhnsEuRXewl8hp8PJ9Ak;|EAAAAUaZA8jlABO9Md1HbugLIM0ZB6kZACmEJT4MHtRj10OUzOJ1s9LoF2kNUs6aNNwWubuX1EHZBZCh3D997TNw1ZBLAZANd2dFxjU5ikuO4ZAo1bUSZCS3BdYqZBTZAqzUZBsPPzgONPUz9nZCTAB04zJ64M5zg1vYbc4ZCM6mLcjTIFkP8v3nh9GZCYU424Emv1EVOXw92dZCqIPAYDsLUgGZAqXgZDZD', NULL),
(33, 39, 4, 5, 'mail 2023: https://taphoammo.net/gian-hang/kenh-youtube-viet-co-2010-2022-khong-video-co-nguoi-dung-that-chua-qua-dich-vu_702881', 'https://taphoammo.net/orders-buy.html', 'Processed', '2025-04-09 02:14:52', '90000.00', 'tranthihongdn2022@gmail.com	$Maye34Mon709|nguyenbaothao250192@nguyenmail.top|https://www.youtube.com/channel/UC4wfVRphk19BY1PxQxBzF_Q	\r\n	phamquocviet53st@gmail.com	$Mayh5Rena281|lycongmai260997@nguyenmail.top||https://www.youtube.com/channel/UCwzd75WXSSCDX63f3zmQUKQ	\r\n	nguyenquochuy12ht@gmail.com	$Mayh2Cona79|truongkhanhtuan081283@nguyenmail.top||https://www.youtube.com/channel/UCWIez88fHTY1li5WKC2IaPw	\r\n	nguyentruonggiang98bg@gmail.com	$Mayh23Vone100|lybinhvy210780@nguyenmail.top|https://www.youtube.com/channel/UCgnKstaPra3F0nUlCxD10YA	\r\n	nguyenthihaiqc77@gmail.com	$Mayk1Nguna204|hoangductuan041288@nguyenmail.top|https://www.youtube.com/channel/UCqGc-G43cr0A2YKOKOFAZuA|', NULL),
(34, 28, 3, 5, '', 'https://taphoammo.net/orders-buy.html', 'Processed', '2025-04-09 02:46:56', '115000.00', 'duongvanhaihb65@gmail.com	$Mayh1Zaka5|ngosonnhu190783@nguyenmail.top||	\r\n	nguyenxuanhatb123@gmail.com	$Mayh32Deka410|hoanganhlan240491@nguyenmail.top||	\r\n	tranlanhuongtn955@gmail.com	$Mayh36Qune84|dangthithi270208@nguyenmail.top||	\r\n	lehongphan3@gmail.com	$Susanna18|duongthithi150207@nguyenmail.top||	\r\n	nguyenquynhtranghd1996@gmail.com	$Mayh9Xame565|macsonhai300390@nguyenmail.top||', NULL),
(35, 33, 7, 1, '', '', 'Rejected', '2025-04-10 02:26:54', '0.00', '30EowUueadtLQV@hotmail.com	CKyofsqVKEogHkz', NULL),
(36, 56, 2, 1, '', 'https://taphoammo.net/orders-buy.html', 'Processed', '2025-04-09 07:29:43', '150000.00', '30EowUueadtLQV@hotmail.com	CKyofsqVKEogHkz', NULL),
(37, 5, 5, 5, 'Mỗi con 320k, tổng 1tr6. STK ngân hàng: 7420105941007 , MB bank', 'zalo thuê tài khoản gg', 'Processed', '2025-04-10 03:23:24', '1600000.00', '', NULL),
(38, 13, 5, 2, 'mail nhận tk : thanhdo1312@gmail.com', 'zalo thuê tài khoản gg', 'Processed', '2025-04-10 03:20:37', '640000.00', '', NULL),
(39, 49, 1, 2, '', 'https://tongkhotainguyen.shop/?action=recharge-bank', 'Processed', '2025-04-10 07:49:58', '129594.00', '-61558264920544|cauduocuocthay6868@@||danicemankyeewa0rx1ys6@hotmail.com|DT0742T0uVucA88|danicemankyeewa0rx1ys6021@fivermail.com|\r\n-61558195802412|cauduocuocthay6868@@||arishaeestepheneebp87827l3@hotmail.com|typhjfkpgm13996|arishaeestepheneebp87827l348561@moakt.cc|', NULL),
(40, 24, 5, 1, '', 'https://taphoammo.net/addFunds.html', 'Processed', '2025-04-10 07:42:56', '180000.00', 'croxfordmarniegqsk5099@gmail.com	lyzkrdvwkfh|7lm4ikrsnnun5@moakt.cc	\r\n	menkedeltonkeqsf9818@gmail.com	bor2t8jsi|ure7zupx29g3t@moakt.ws', NULL),
(43, 29, 13, 1, '', 'https://tongkhotainguyen.shop/?action=recharge-bank', 'Processed', '2025-04-10 08:34:33', '162000.00', '1148141589162564|https://fb.me/1YfHIk3Lm54DnuW', NULL),
(44, 11, 1, 1, 'Via Cầm TKQC', '', 'Rejected', '2025-04-11 08:04:26', '0.00', '', NULL),
(45, 29, 1, 1, '', '', 'Rejected', '2025-04-11 08:08:25', '0.00', '', NULL),
(46, 57, 1, 1, '', 'zalo Mua via Hecci', 'Processed', '2025-04-11 08:08:49', '50000.00', '100081084218827|ALDSVDNtskip|SBANR6S4JKKC26CIMMS6MRASB73O7RZP|fewemeruh@outlook.com|Vietducbqs|fewemeruhu7a@thaitudang.xyz', NULL),
(47, 0, 9, 1, '', 'zalo Green-Tài Nguyên-DA Thái lan', 'Processed', '2025-04-11 10:16:39', '950000.00', '', NULL),
(48, 15, 5, 1, '', 'zalo thuê tài khoản gg', 'Processed', '2025-04-12 02:18:34', '320000.00', '', NULL),
(49, 52, 9, 1, '', 'ZALO DAQT GREEN', 'Processed', '2025-04-12 04:05:50', '1190000.00', '', NULL),
(50, 2, 17, 1, '', '', 'Rejected', '2025-04-12 08:16:02', '0.00', '', NULL),
(51, 11, 8, 1, '100000', 'zalo THẢO QUÝ-BÊN THUÊ', 'Processed', '2025-04-12 08:22:26', '110000.00', 'nạp vào shoppe', NULL),
(53, 12, 5, 1, '1 tài khoản thuê 320.000', 'zalo thuê tài khoản gg', 'Processed', '2025-04-12 09:41:38', '320000.00', '', NULL),
(55, 20, 5, 1, '1 tk thuê 320k', 'zalo thuê tài khoản gg', 'Processed', '2025-04-12 09:43:00', '320000.00', '', NULL);

-- --------------------------------------------------------

--
-- Cấu trúc bảng cho bảng `order_documents`
--

CREATE TABLE `order_documents` (
  `id` int(11) NOT NULL,
  `order_id` int(11) NOT NULL,
  `document_path` varchar(255) NOT NULL,
  `uploaded_at` timestamp NULL DEFAULT current_timestamp()
) ENGINE=InnoDB DEFAULT CHARSET=utf8mb4;

--
-- Đang đổ dữ liệu cho bảng `order_documents`
--

INSERT INTO `order_documents` (`id`, `order_id`, `document_path`, `uploaded_at`) VALUES
(0, 28, 'attached_assets/doc_67f4a151040c0.jpg', '2025-04-08 04:08:49'),
(16, 7, 'https://i.imgur.com/DNIyW8l.png', '2025-04-01 04:45:06'),
(24, 17, 'https://i.imgur.com/aVyXFMa.png', '2025-04-01 08:14:32'),
(25, 18, 'https://i.imgur.com/RrDUkoZ.png', '2025-04-02 01:52:12'),
(26, 19, 'https://i.imgur.com/tVjei5m.png', '2025-04-02 01:53:22'),
(27, 20, 'https://i.imgur.com/eLIqLFm.png', '2025-04-03 03:05:07'),
(28, 22, 'https://i.imgur.com/PO7gxgi.png', '2025-04-03 03:24:10'),
(29, 21, 'https://i.imgur.com/DATmbkt.png', '2025-04-03 03:39:07'),
(30, 23, 'https://i.imgur.com/xjvLm4z.png', '2025-04-03 03:49:03'),
(31, 24, 'https://i.imgur.com/aq0WDx6.png', '2025-04-04 06:57:10'),
(32, 25, 'https://i.imgur.com/AbdJQWB.png', '2025-04-04 07:54:25'),
(33, 26, 'https://i.imgur.com/70Y2g3D.png', '2025-04-04 09:18:41'),
(34, 31, 'https://i.imgur.com/HcOACE7.png', '2025-04-08 09:05:16'),
(35, 32, 'https://i.imgur.com/Dh89mPN.png', '2025-04-08 10:02:35'),
(36, 29, 'https://i.imgur.com/scAHaJC.png', '2025-04-08 10:02:50'),
(37, 30, 'https://i.imgur.com/DxTo3gW.png', '2025-04-08 10:03:00'),
(38, 33, 'https://i.imgur.com/UGDkIIo.png', '2025-04-09 02:14:52'),
(39, 34, 'https://i.imgur.com/DyghXUI.png', '2025-04-09 02:46:56'),
(40, 35, 'https://i.imgur.com/ABuZSaa.png', '2025-04-09 07:28:40'),
(41, 36, 'https://i.imgur.com/METe5Gf.png', '2025-04-09 07:29:43'),
(42, 38, 'https://i.imgur.com/nRt3THz.png', '2025-04-10 03:20:37'),
(43, 37, 'https://i.imgur.com/wiso3rf.png', '2025-04-10 03:23:24'),
(44, 40, 'https://i.imgur.com/ZD7fPnV.png', '2025-04-10 07:42:56'),
(45, 39, 'https://i.imgur.com/R23epYt.png', '2025-04-10 07:49:58'),
(46, 43, 'https://i.imgur.com/N9ICFIF.png', '2025-04-10 08:34:33'),
(47, 47, 'https://i.imgur.com/JMqIWHA.png', '2025-04-11 10:16:34'),
(48, 48, 'https://i.imgur.com/Mi1YlLK.png', '2025-04-12 02:18:34'),
(49, 49, 'https://i.imgur.com/6YQJHa9.png', '2025-04-12 04:05:50'),
(50, 51, 'https://i.imgur.com/gwFTbbH.png', '2025-04-12 08:22:26'),
(51, 53, 'https://i.imgur.com/e0TjHJh.png', '2025-04-12 09:41:38'),
(52, 55, 'https://i.imgur.com/bQCGcO9.png', '2025-04-12 09:43:00');

-- --------------------------------------------------------

--
-- Cấu trúc bảng cho bảng `resources`
--

CREATE TABLE `resources` (
  `id` int(11) NOT NULL,
  `name` varchar(255) NOT NULL,
  `category` varchar(100) NOT NULL,
  `status` enum('active','inactive') NOT NULL,
  `notes` text DEFAULT NULL,
  `created_by` int(11) NOT NULL,
  `created_at` timestamp NULL DEFAULT current_timestamp(),
  `updated_at` datetime DEFAULT NULL
) ENGINE=InnoDB DEFAULT CHARSET=utf8mb4;

--
-- Đang đổ dữ liệu cho bảng `resources`
--

INSERT INTO `resources` (`id`, `name`, `category`, `status`, `notes`, `created_by`, `created_at`, `updated_at`) VALUES
(8, 'via set ads', 'nội dung via', 'inactive', 'không có', 1, '2025-04-04 01:49:55', '2025-04-08 16:08:35');

-- --------------------------------------------------------

--
-- Cấu trúc bảng cho bảng `resource_assignments`
--

CREATE TABLE `resource_assignments` (
  `resource_id` int(11) NOT NULL,
  `user_id` int(11) NOT NULL
) ENGINE=InnoDB DEFAULT CHARSET=utf8mb4;

--
-- Đang đổ dữ liệu cho bảng `resource_assignments`
--

INSERT INTO `resource_assignments` (`resource_id`, `user_id`) VALUES
(8, 23);

-- --------------------------------------------------------

--
-- Cấu trúc bảng cho bảng `resource_types`
--

CREATE TABLE `resource_types` (
  `id` int(11) NOT NULL,
  `name` varchar(255) NOT NULL
) ENGINE=InnoDB DEFAULT CHARSET=utf8mb4;

--
-- Đang đổ dữ liệu cho bảng `resource_types`
--

INSERT INTO `resource_types` (`id`, `name`) VALUES
(1, 'Via Facebook'),
(2, 'Capcut Pro'),
(3, 'Gmail'),
(4, 'Kênh YTB'),
(5, 'Tài khoản google ads'),
(6, 'VPS'),
(7, 'Chat GPT'),
(8, 'Page'),
(9, 'Pancake'),
(10, 'Chatwot'),
(11, 'Facebook Ads Account'),
(12, 'Gmail Account'),
(13, 'Business Manager'),
(14, 'Instagram Account'),
(15, 'Domain Name'),
(16, 'Hosting Account'),
(17, 'API Key'),
(18, 'buff folow Page'),
(19, 'Shopee'),
(20, 'TIKTOK'),
(21, 'BM'),
(22, 'Ladipage'),
(23, 'Tên miền');

-- --------------------------------------------------------

--
-- Cấu trúc bảng cho bảng `users`
--

CREATE TABLE `users` (
  `id` int(11) NOT NULL,
  `username` varchar(255) NOT NULL,
  `password` varchar(255) NOT NULL,
  `email` varchar(255) NOT NULL,
  `employee_code` varchar(50) DEFAULT NULL,
  `role` varchar(20) NOT NULL,
  `created_at` timestamp NOT NULL DEFAULT current_timestamp(),
  `status` tinyint(4) NOT NULL DEFAULT 1,
  `parent_id` int(11) DEFAULT NULL,
  `avatar` varchar(255) DEFAULT NULL
) ENGINE=InnoDB DEFAULT CHARSET=utf8mb4;

--
-- Đang đổ dữ liệu cho bảng `users`
--

INSERT INTO `users` (`id`, `username`, `password`, `email`, `employee_code`, `role`, `created_at`, `status`, `parent_id`, `avatar`) VALUES
(0, 'DATL', '$2y$10$VJeBzi9OMt6b/mEhIGfH4.lOr.Kx/RnHHACSmjK0OciDCPNJRJciu', 'trieuyhod@gmail.com', 'EMP8675', 'HKD', '2025-04-08 04:06:53', 1, NULL, NULL),
(1, 'admin', '$2y$10$D29XG8AD3MDsgqxlKLpgmu8fSIM5NOo7ffFZZAZp4Ud1WKnF8REGu', 'admin@example.com', '', 'ADMIN', '2025-03-31 14:07:16', 1, NULL, 'https://cellphones.com.vn/sforum/wp-content/uploads/2024/02/anh-avatar-cute-95.jpg'),
(2, 'trieuthiduong', '$2y$10$3plXOy9R0LwIk6DZNksRM.H2987OBrnTPS3qijhc15hDN.Z7Lkl86', 'admin@web3s.info.vn', 'G002', 'ADMIN', '2025-03-31 14:09:36', 1, NULL, 'https://img.upanh.tv/2025/03/31/21e1579c6c55d00b89444e9286b62ce8347a.jpg'),
(3, 'HKD Thảo Qúy', '$2y$10$DATIbrtqo5wyeg7Z.KRLG.I0xhVlCHwO0vRCBxTac8FC20U4ZZX4q', 'trieuyhod@gmail.com', 'G0151', 'HKD', '2025-04-01 01:43:22', 1, NULL, NULL),
(4, 'Phạm Ngọc Quỳnh', '$2y$10$ZD8oLvy.GJ9lPiea7JIeAuOHpaeqdITCFTW1G2aZfJm0xATogNVnu', 'trieuyhod@gmail.com', 'G0054', 'USER_HKD', '2025-04-01 01:44:22', 1, 3, NULL),
(5, 'Bùi Văn Vui', '$2y$10$WtlnyINmx25GjSIaTa7hy.zDdP368tm/umT1wlJHfkE2gO.uhhplC', 'trieuyhod@gmail.com', 'G0055', 'USER_HKD', '2025-04-01 01:44:43', 1, 3, NULL),
(6, 'Nguyễn Hà Thành', '$2y$10$hsNvKKigHm/Qhr.wTtGwSOtxGBG1GB0ZtxnMsjPHxb9km5/6S2hWW', 'trieuyhod@gmail.com', 'G0056', 'USER_HKD', '2025-04-01 01:45:18', 1, 3, NULL),
(7, 'Vũ Đình Hoàng', '$2y$10$LYJUx.egUZsGY28KfhDqcu7DolY0fUMxsXyio0wHUo9qlvcadRMuO', 'trieuyhod@gmail.com', 'G0112', 'USER_HKD', '2025-04-01 01:45:44', 1, 3, NULL),
(8, 'Đào Văn Thương', '$2y$10$jZ.e9r.08jFXA33NoCE9oOxItzNaBI4fgXLuzVZtK5t7dRx.BHg3y', 'trieuyhod@gmail.com', 'G0124', 'USER_HKD', '2025-04-01 01:50:27', 1, 3, 'https://tft.edu.vn/public/upload/2024/12/avatar-meme-hai-002.webp'),
(9, 'Trần Yên Phúc', '$2y$10$x/j3sLtLZSoEACWsCMLi3uaqC0yagVXQVfzjynlAGVNz8sm95DJfC', 'trieuyhod@gmail.com', 'G0125', 'USER_HKD', '2025-04-01 01:51:52', 1, 3, NULL),
(10, 'Ngô Văn Hiếu', '$2y$10$V7skdC8g5W12ucrI3jCZDuWEJtbVKA2x0Lq9zytYNee9QuFE2fzVm', 'trieuyhod@gmail.com', 'G0129', 'USER_HKD', '2025-04-01 01:52:12', 1, 3, NULL),
(11, 'Phan Duy Anh', '$2y$10$MIAQFYNMAmTz9XIpTJe5hebrgbA78LVIjLYYLD.5xRboVTWSA6uZK', 'trieuyhod@gmail.com', 'G0158', 'USER_HKD', '2025-04-01 01:52:40', 1, 3, 'https://prnt.sc/pQpU2FmS0bxz'),
(12, 'Phùng Khắc Thành', '$2y$10$FX9mfPdk4QoJHy42iVveTephK2QD8mHUjpsPHALsFOogeAJIu6eTG', 'trieuyhod@gmail.com', 'G0195', 'USER_HKD', '2025-04-01 01:53:00', 1, 3, NULL),
(13, 'Nguyễn Thành Đô', '$2y$10$0twM5alA./C6qyzHISXqE.1BHFc/5ysnYM4AmvMG4eBNbmF2vToKq', 'trieuyhod@gmail.com', 'G0202', 'USER_HKD', '2025-04-01 01:53:26', 1, 3, NULL),
(14, 'Vũ Ngọc Đức', '$2y$10$OqHDr7SDlCIGWGsx.goxKOdFM1XucbDJikfMukBPCd9VxcVZPpHHC', 'trieuyhod@gmail.com', 'G0206', 'USER_HKD', '2025-04-01 01:53:45', 1, 3, NULL),
(15, 'Nguyễn Thị Khánh Linh', '$2y$10$XFfu/5.tj/x6JwEN3xd2OeJNiMlnPyWYqs9.8lDtYeHzVkb0QPLSe', 'trieuyhod@gmail.com', 'G0207', 'USER_HKD', '2025-04-01 01:54:02', 1, 3, NULL),
(16, 'Lê Hữu Vũ', '$2y$10$8rw/5yq.OrgTUV0eAm9WGO3ONTwSyVRDkiPx2rVgi0fRcBIa7.dSm', 'trieuyhod@gmail.com', 'G0218', 'USER_HKD', '2025-04-01 01:54:17', 1, 3, 'https://cellphones.com.vn/sforum/wp-content/uploads/2021/12/11-11.jpg'),
(17, 'Phan Thanh Nhất', '$2y$10$UMWg6yOaqIq1FdZkuHU6xu9Q6O2MBSevxdHIeEeXw.hx6Sskis/Pa', 'trieuyhod@gmail.com', 'G0226', 'USER_HKD', '2025-04-01 01:54:49', 1, 3, NULL),
(18, 'Nguyễn Việt Hùng', '$2y$10$O7d3kyT4y1Abqk81ZIP8Xe8Lof/nc8qw66vVkxcTALSFcxGLJWtC2', 'trieuyhod@gmail.com', 'G0236', 'USER_HKD', '2025-04-01 01:55:10', 1, 3, 'https://encrypted-tbn0.gstatic.com/images?q=tbn:ANd9GcRRpX5DvqRzxrQ7kxnifTxLFu-bAc4ZoydbfA&amp;s'),
(19, 'Nguyễn Ngọc Tùng', '$2y$10$kl541yM.qGRW7YgBiyI4GOV4J6wRoj3E345jBmarYIPVrFa9EfSaC', 'trieuyhod@gmail.com', 'G0244', 'USER_HKD', '2025-04-01 01:55:27', 1, 3, NULL),
(20, 'Hoàng Văn Úc', '$2y$10$KOCiTXgD9qi4Qg5OBHEjuexD3g.f847aWh2SANwduL7TxuiHSc/4q', 'trieuyhod@gmail.com', 'G0138', 'USER_HKD', '2025-04-01 01:55:43', 1, 3, NULL),
(21, 'test', '$2y$10$BQPDPQzd1NcD/tqG4dd.9ebyGSAYD1Y8AwnSPgf8h4UaSOJUli6X2', 'admin@web3s.info.vn', 'DP20', 'GS', '2025-04-01 02:43:36', 1, NULL, 'https://i.pinimg.com/736x/b7/91/44/b79144e03dc4996ce319ff59118caf65.jpg'),
(22, 'HKD NHÀI', '$2y$10$p1xOBD0XYUg8nSAh/LK4pebAi40QJXATKOndEdDY1jmPb24ZXqcm6', 'trieuyhod@gmail.com', 'G0028', 'HKD', '2025-04-01 03:37:02', 1, NULL, NULL),
(23, 'Hoàng Văn Hùng', '$2y$10$JGEW7OJPAsKMr/n3oDr/FeyWCP6LSRXJ3Zrd0cKBqip5u1djAsP7a', 'trieuyhod@gmail.com', 'G0021', 'USER_HKD', '2025-04-08 06:51:27', 0, 22, NULL),
(24, 'Trịnh Khắc Lực', '$2y$10$ub/nR0pVuUSF0ppUaYCDDOZoeS4VLyp805foZuLmUH26lmUyjJfPC', 'trieuyhod@gmail.com', 'G0029', 'USER_HKD', '2025-04-01 03:38:09', 1, 22, NULL),
(25, 'Hoàng Nhật Vương', '$2y$10$1cTaxsUP7eFhOO2nfEm8uubmsWXLpFgrOyNMY9WFoh13KMMhjVxpO', 'trieuyhod@gmail.com', 'G0093', 'USER_HKD', '2025-04-01 03:42:15', 1, 22, NULL),
(26, 'Nguyễn Tất Tiến', '$2y$10$/85uFog56h0nNCVdLU99E.D5sLGoG/tZCCJRcJZXcdLqJWW9S3i5y', 'trieuyhod@gmail.com', 'G0117', 'USER_HKD', '2025-04-01 03:42:41', 1, 22, NULL),
(27, 'Thái Việt Anh', '$2y$10$3ZZRl8/y8Bon4PYHp17Vg.4reXtlH7Zf.FFoyi8N/PyResv5TwUAm', 'trieuyhod@gmail.com', 'G0241', 'USER_HKD', '2025-04-01 03:43:04', 1, 22, NULL),
(28, 'Hoàng Trung Kiên', '$2y$10$bDNvsUbl4awRXPm6/91LneNG6LSEdSqaMjRRrN3O.FCJ6ECrKvODW', 'trieuyhod@gmail.com', 'G0284', 'USER_HKD', '2025-04-01 03:43:21', 1, 22, NULL),
(29, 'HKD TOÀN HẢI', '$2y$10$a62Y8TFFxH4MUXo/AlygMOZWXCZtgYHn39r1MRnrap2awdqW/R8zu', 'trieuyhod@gmail.com', 'G0063', 'HKD', '2025-04-01 03:53:50', 1, NULL, NULL),
(30, 'Trần Trung Hiếu', '$2y$10$0.w0lye5R0rPgk6qeEREZetP1DZn4ngZbekt7B7fPb4pqOW3bmKfa', 'trieuyhod@gmail.com', 'G0086', 'USER_HKD', '2025-04-01 03:54:09', 1, 29, NULL),
(31, 'Vũ Xuân Bách', '$2y$10$T9Iigdz7nOQecV4ZUtsjqeUXNJEfHZmRRmReochVIwXWI5q1.d8jC', 'trieuyhod@gmail.com', 'G0234', 'USER_HKD', '2025-04-01 03:54:37', 1, 29, NULL),
(32, 'Nguyễn Mạnh Tuấn', '$2y$10$qn.4k41bGYSCUCGQadIkROan9Q8jR705uyGVC0NqZcZ1C49O0kYq.', 'trieuyhod@gmail.com', 'G0238', 'USER_HKD', '2025-04-01 03:54:55', 1, 29, NULL),
(33, 'Lê Anh Tú', '$2y$10$twXoWzE/TUqf07BZGctdDuGiKnGGIWwZZFk35tBO3Xvh7.jPc1fmS', 'trieuyhod@gmail.com', 'G0251', 'USER_HKD', '2025-04-01 03:55:17', 1, 29, NULL),
(34, 'Lê Đông Đô', '$2y$10$XPL/DB./D5PSSsqhdl.2meFHSDFacemokhOHFjfhd/mmKhDpk2d2i', 'trieuyhod@gmail.com', 'G0252', 'USER_HKD', '2025-04-01 03:55:32', 1, 29, NULL),
(35, 'HKD HÙNG', '$2y$10$mEICKjhOlUMvwk65jD8aGe/cRULdFrMt2zbiXsPgcnbgXe.SKXzWG', 'trieuyhod@gmail.com', 'G0147', 'HKD', '2025-04-01 03:57:07', 1, NULL, NULL),
(36, 'Trần Mạnh Cường', '$2y$10$1obVZ1qsbGnsU.GBRj/JDuyYTPv8aV0YlFmG8R5NTd.BzHOMcaNv.', 'trieuyhod@gmail.com', 'G0127', 'USER_HKD', '2025-04-01 03:57:23', 1, 35, NULL),
(37, 'HKD HIẾU PHÁT', '$2y$10$7NLhAe03g1gktnLLAFBdheZf1BNq/tkooSuaxzteSITI8Btt/wu9m', 'trieuyhod@gmail.com', 'G0042', 'HKD', '2025-04-01 04:03:00', 1, NULL, NULL),
(38, 'Ngô Xuân Trường', '$2y$10$Q178d1NWS/BnX8PuUV25AO2KAoM2A6j5zAmCVEbxtebInt34r9eCi', 'trieuyhod@gmail.com', 'G0109', 'USER_HKD', '2025-04-01 04:03:31', 1, 37, NULL),
(39, 'Nguyễn Văn Giới', '$2y$10$yPrrJZoOEhOnXpzpIzxEOegKx9vhxgWoncHu3ZHtIVJnc5iZ6K3o6', 'trieuyhod@gmail.com', 'G0131', 'USER_HKD', '2025-04-01 04:03:53', 1, 37, NULL),
(40, 'HKD TRƯỜNG', '$2y$10$7K3k6T04/yE7RjcxQAnrA.I1CFcJN8cI7lNN8wPXPf8Ksc/oKBeHe', 'trieuyhod@gmail.com', 'G0015', 'HKD', '2025-04-01 04:06:10', 1, NULL, NULL),
(41, 'Quan Khắc Khỏe', '$2y$10$chfNd0XOvkKx13TvT/qRC.wrWDSRgacOBAzOfDLJQDJ8FODqm1MfC', 'trieuyhod@gmail.com', 'G0013', 'USER_HKD', '2025-04-01 04:06:33', 1, 40, NULL),
(42, 'HKD HÒA', '$2y$10$XV0okyycn.GKqNjO1dLK1uvUKEItOm417M0r2f9guBrn5yEJsoo5S', 'trieuyhod@gmail.com', 'G0068', 'HKD', '2025-04-01 04:07:10', 1, NULL, NULL),
(43, 'Phạm Quốc Dũng', '$2y$10$raMbrRuu9cbpJn2FpIAhjOVI0rYB2eK8/2bqRIhcyPfZC7EQI0Rdy', 'trieuyhod@gmail.com', 'G0272', 'USER_HKD', '2025-04-01 04:07:48', 1, 42, NULL),
(44, 'Vũ Đình Quý', '$2y$10$zLJQ.4Z2rPuZvdhBUjpy8uozwy/gfoZdTN/h5vlkO9vPzjkujcDv6', 'trieuyhod@gmail.com', 'G0279', 'USER_HKD', '2025-04-01 04:08:09', 1, 42, NULL),
(45, 'HKD SKYUP', '$2y$10$mH1NDdRfp6zF1V4ut9RuOOWrbWbK48a.ghHBmGbvBC4c9pfUplf/C', 'trieuyhod@gmail.com', '000', 'HKD', '2025-04-01 04:19:32', 1, NULL, 'https://encrypted-tbn0.gstatic.com/images?q=tbn:ANd9GcQfwTLb_X7P0Cnz9f0H1doBKputDa6Oi6rfi84eNtXgueTQl09pvelj8mXAufbXtVCbomE&usqp=CAU'),
(46, 'Lê Trọng Hòa', '$2y$10$K9uSnOidwmduqfMCsJ.mxuK1TegoghLC.Jf0F6F9.Os4H0mO/mktO', 'trieuyhod@gmail.com', 'G0262', 'USER_HKD', '2025-04-01 04:20:51', 1, 40, NULL),
(48, 'Nguyễn Hải Anh', '$2y$10$7e2JR9X7PWReVm5NR6nyCek4/qMm3/7bSvYhe/P93uTup5FSgJ9vm', 'trieuyhod@gmail.com', 'G0077', 'USER_HKD', '2025-04-03 03:15:44', 1, 49, NULL),
(49, 'Trần Thị Thảo (BO)', '$2y$10$hUVjPAkNqUIvEVRd838Ns.75IKIIb9wJLGNt5tJhilQxgtg67G5dO', 'trieuyhod@gmail.com', 'G0006', 'HKD', '2025-04-03 03:16:30', 1, NULL, NULL),
(50, 'TTKS', '$2y$10$6WzprqedFYB5xIbOgB8nfOJ2sfjwivm9IMnJpKzoInSjFk7MbwwdC', 'trieuyhod@gmail.com', 'G0149', 'GS', '2025-04-03 03:28:26', 1, NULL, NULL),
(51, 'KẾ TOÁN', '$2y$10$6eaLT//pqTQBB3l.SNj14eznfBGq.iJIsJApB/iqoFjROO0.sQ.RK', 'trieuyhod@gmail.com', '002', 'GS', '2025-04-03 03:34:49', 1, NULL, NULL),
(52, 'DAQT', '$2y$10$tCyvkTzCv6QnmLrIHYEuOO0tVMnd0jFh6i2THgGKDgok9W/G8SH2m', 'trieuyhod@gmail.com', '003', 'HKD', '2025-04-04 06:55:41', 1, NULL, NULL),
(53, 'HKD LERA', '$2y$10$d6esFlGCC317dOzOMA4.NOuOzi0L3gytdVJKTNfJzzKKgPyINMpZ.', 'trieuyhod@gmail.com', '011', 'HKD', '2025-04-04 09:12:20', 1, NULL, NULL),
(55, 'Trần Danh Cao', '$2y$10$KywqPC.s.mxZZudai5.14uH9xVthQGJNY.a9l8iLhgundtVP926a.', 'trieuyhod@gmail.com', '000', 'USER_HKD', '2025-04-08 09:09:23', 1, 3, NULL),
(56, 'Trần Anh Tuấn', '$2y$10$8VmpPM6q1irGnbZ8adehyu3.2LyEjgXI48tns3CsrkFtVA/lpsrqq', 'trieuyhod@gmail.com', '111', 'USER_HKD', '2025-04-09 07:22:06', 1, 35, NULL),
(57, 'Đỗ Minh Hiếu', '$2y$10$Be/WOkSazZevd1d8sTb7ZexdlM4W1MUVY0ABbQT5kmD4x3R20Qa5C', 'trieuyhod@gmail.com', '12', 'USER_HKD', '2025-04-11 08:06:11', 1, 29, NULL);

--
-- Chỉ mục cho các bảng đã đổ
--

--
-- Chỉ mục cho bảng `fb_account_types`
--
ALTER TABLE `fb_account_types`
  ADD PRIMARY KEY (`id`);

--
-- Chỉ mục cho bảng `fb_configs`
--
ALTER TABLE `fb_configs`
  ADD PRIMARY KEY (`id`),
  ADD KEY `account_type_id` (`account_type_id`);

--
-- Chỉ mục cho bảng `fb_orders`
--
ALTER TABLE `fb_orders`
  ADD PRIMARY KEY (`id`),
  ADD KEY `fb_config_id` (`fb_config_id`),
  ADD KEY `user_id` (`user_id`);

--
-- Chỉ mục cho bảng `fb_sources`
--
ALTER TABLE `fb_sources`
  ADD PRIMARY KEY (`id`);

--
-- Chỉ mục cho bảng `logs`
--
ALTER TABLE `logs`
  ADD PRIMARY KEY (`id`);

--
-- Chỉ mục cho bảng `notifications`
--
ALTER TABLE `notifications`
  ADD PRIMARY KEY (`id`);

--
-- Chỉ mục cho bảng `orders`
--
ALTER TABLE `orders`
  ADD PRIMARY KEY (`id`);

--
-- Chỉ mục cho bảng `order_documents`
--
ALTER TABLE `order_documents`
  ADD PRIMARY KEY (`id`),
  ADD KEY `order_id` (`order_id`);

--
-- Chỉ mục cho bảng `resources`
--
ALTER TABLE `resources`
  ADD PRIMARY KEY (`id`);

--
-- Chỉ mục cho bảng `resource_assignments`
--
ALTER TABLE `resource_assignments`
  ADD PRIMARY KEY (`resource_id`,`user_id`),
  ADD KEY `user_id` (`user_id`);

--
-- Chỉ mục cho bảng `resource_types`
--
ALTER TABLE `resource_types`
  ADD PRIMARY KEY (`id`);

--
-- Chỉ mục cho bảng `users`
--
ALTER TABLE `users`
  ADD PRIMARY KEY (`id`),
  ADD UNIQUE KEY `username` (`username`),
  ADD KEY `parent_id` (`parent_id`);

--
-- AUTO_INCREMENT cho các bảng đã đổ
--

--
-- AUTO_INCREMENT cho bảng `fb_account_types`
--
ALTER TABLE `fb_account_types`
  MODIFY `id` int(11) NOT NULL AUTO_INCREMENT, AUTO_INCREMENT=8;

--
-- AUTO_INCREMENT cho bảng `fb_configs`
--
ALTER TABLE `fb_configs`
  MODIFY `id` int(11) NOT NULL AUTO_INCREMENT, AUTO_INCREMENT=61;

--
-- AUTO_INCREMENT cho bảng `fb_orders`
--
ALTER TABLE `fb_orders`
  MODIFY `id` int(11) NOT NULL AUTO_INCREMENT, AUTO_INCREMENT=25;

--
-- AUTO_INCREMENT cho bảng `fb_sources`
--
ALTER TABLE `fb_sources`
  MODIFY `id` int(11) NOT NULL AUTO_INCREMENT, AUTO_INCREMENT=5;

--
-- AUTO_INCREMENT cho bảng `logs`
--
ALTER TABLE `logs`
  MODIFY `id` int(11) NOT NULL AUTO_INCREMENT, AUTO_INCREMENT=1496;

--
-- AUTO_INCREMENT cho bảng `notifications`
--
ALTER TABLE `notifications`
  MODIFY `id` int(11) NOT NULL AUTO_INCREMENT;

--
-- AUTO_INCREMENT cho bảng `orders`
--
ALTER TABLE `orders`
  MODIFY `id` int(11) NOT NULL AUTO_INCREMENT, AUTO_INCREMENT=58;

--
-- AUTO_INCREMENT cho bảng `order_documents`
--
ALTER TABLE `order_documents`
  MODIFY `id` int(11) NOT NULL AUTO_INCREMENT, AUTO_INCREMENT=53;

--
-- AUTO_INCREMENT cho bảng `users`
--
ALTER TABLE `users`
  MODIFY `id` int(11) NOT NULL AUTO_INCREMENT, AUTO_INCREMENT=58;

--
-- Các ràng buộc cho các bảng đã đổ
--

--
-- Các ràng buộc cho bảng `users`
--
ALTER TABLE `users`
  ADD CONSTRAINT `users_ibfk_1` FOREIGN KEY (`parent_id`) REFERENCES `users` (`id`) ON DELETE SET NULL;
COMMIT;

/*!40101 SET CHARACTER_SET_CLIENT=@OLD_CHARACTER_SET_CLIENT */;
/*!40101 SET CHARACTER_SET_RESULTS=@OLD_CHARACTER_SET_RESULTS */;
/*!40101 SET COLLATION_CONNECTION=@OLD_COLLATION_CONNECTION */;
